日時,始値(BID),高値(BID),安値(BID),終値(BID),始値(ASK),高値(ASK),安値(ASK),終値(ASK)
2016/12/26 07:00:00,117.31,117.336,117.291,117.294,117.39,117.416,117.371,117.374
2016/12/26 07:01:00,117.294,117.304,117.263,117.267,117.374,117.384,117.343,117.347
2016/12/26 07:02:00,117.267,117.304,117.256,117.298,117.347,117.384,117.336,117.378
2016/12/26 07:03:00,117.298,117.344,117.274,117.339,117.378,117.424,117.354,117.419
2016/12/26 07:04:00,117.339,117.34,117.319,117.328,117.419,117.42,117.399,117.408
2016/12/26 07:05:00,117.328,117.34,117.266,117.267,117.408,117.42,117.346,117.346
2016/12/26 07:06:00,117.267,117.277,117.258,117.27,117.346,117.357,117.338,117.35
2016/12/26 07:07:00,117.27,117.277,117.267,117.276,117.35,117.356,117.345,117.356
2016/12/26 07:08:00,117.276,117.281,117.271,117.277,117.356,117.361,117.345,117.357
2016/12/26 07:09:00,117.277,117.293,117.271,117.273,117.357,117.373,117.351,117.353
2016/12/26 07:10:00,117.273,117.273,117.267,117.267,117.353,117.353,117.347,117.347
2016/12/26 07:11:00,117.267,117.269,117.263,117.263,117.347,117.349,117.343,117.343
2016/12/26 07:12:00,117.263,117.268,117.199,117.207,117.343,117.348,117.279,117.287
2016/12/26 07:13:00,117.207,117.207,117.203,117.204,117.287,117.287,117.283,117.284
2016/12/26 07:14:00,117.204,117.252,117.204,117.21,117.284,117.332,117.284,117.29
2016/12/26 07:15:00,117.21,117.21,117.208,117.21,117.29,117.29,117.288,117.29
2016/12/26 07:16:00,117.21,117.21,117.206,117.206,117.29,117.29,117.286,117.286
2016/12/26 07:17:00,117.206,117.222,117.206,117.222,117.286,117.302,117.286,117.302
2016/12/26 07:18:00,117.222,117.222,117.221,117.222,117.302,117.302,117.301,117.302
2016/12/26 07:19:00,117.222,117.222,117.221,117.222,117.302,117.302,117.301,117.302
2016/12/26 07:20:00,117.222,117.222,117.221,117.221,117.302,117.302,117.301,117.301
2016/12/26 07:21:00,117.221,117.222,117.221,117.222,117.301,117.302,117.301,117.302
2016/12/26 07:22:00,117.222,117.222,117.206,117.206,117.302,117.302,117.286,117.286
2016/12/26 07:23:00,117.206,117.206,117.2,117.2,117.286,117.286,117.28,117.28
2016/12/26 07:24:00,117.2,117.203,117.2,117.202,117.28,117.283,117.28,117.282
2016/12/26 07:25:00,117.202,117.202,117.177,117.2,117.282,117.282,117.257,117.28
2016/12/26 07:26:00,117.2,117.201,117.139,117.139,117.28,117.281,117.219,117.219
2016/12/26 07:27:00,117.139,117.145,117.134,117.134,117.219,117.225,117.214,117.214
2016/12/26 07:28:00,117.134,117.14,117.134,117.138,117.214,117.22,117.214,117.218
2016/12/26 07:29:00,117.138,117.14,117.137,117.14,117.218,117.22,117.217,117.22
2016/12/26 07:30:00,117.14,117.14,117.132,117.133,117.22,117.22,117.212,117.213
2016/12/26 07:31:00,117.133,117.137,117.133,117.135,117.213,117.217,117.213,117.215
2016/12/26 07:32:00,117.135,117.137,117.134,117.136,117.215,117.217,117.214,117.216
2016/12/26 07:33:00,117.136,117.141,117.097,117.097,117.216,117.221,117.177,117.177
2016/12/26 07:34:00,117.097,117.166,117.096,117.166,117.177,117.246,117.176,117.246
2016/12/26 07:35:00,117.166,117.175,117.127,117.136,117.246,117.255,117.207,117.216
2016/12/26 07:36:00,117.136,117.171,117.12,117.154,117.216,117.251,117.2,117.234
2016/12/26 07:37:00,117.154,117.156,117.143,117.156,117.234,117.236,117.223,117.236
2016/12/26 07:38:00,117.156,117.164,117.146,117.158,117.236,117.244,117.226,117.238
2016/12/26 07:39:00,117.158,117.167,117.148,117.148,117.238,117.247,117.228,117.228
2016/12/26 07:40:00,117.148,117.172,117.143,117.153,117.228,117.252,117.223,117.233
2016/12/26 07:41:00,117.153,117.157,117.152,117.154,117.233,117.237,117.232,117.234
2016/12/26 07:42:00,117.154,117.155,117.146,117.147,117.234,117.235,117.226,117.227
2016/12/26 07:43:00,117.147,117.154,117.147,117.149,117.227,117.234,117.227,117.229
2016/12/26 07:44:00,117.149,117.151,117.149,117.149,117.229,117.231,117.229,117.229
2016/12/26 07:45:00,117.149,117.15,117.148,117.149,117.229,117.23,117.228,117.229
2016/12/26 07:46:00,117.149,117.15,117.148,117.149,117.229,117.23,117.228,117.229
2016/12/26 07:47:00,117.149,117.153,117.149,117.153,117.229,117.233,117.229,117.233
2016/12/26 07:48:00,117.153,117.154,117.138,117.139,117.233,117.234,117.218,117.219
2016/12/26 07:49:00,117.139,117.139,117.136,117.137,117.219,117.219,117.216,117.217
2016/12/26 07:50:00,117.137,117.137,117.133,117.133,117.217,117.217,117.213,117.213
2016/12/26 07:51:00,117.133,117.135,117.133,117.134,117.213,117.215,117.213,117.214
2016/12/26 07:52:00,117.134,117.137,117.134,117.136,117.214,117.217,117.214,117.216
2016/12/26 07:53:00,117.136,117.136,117.133,117.134,117.216,117.216,117.213,117.214
2016/12/26 07:54:00,117.134,117.137,117.134,117.137,117.214,117.217,117.214,117.217
2016/12/26 07:55:00,117.137,117.147,117.117,117.147,117.217,117.227,117.197,117.227
2016/12/26 07:56:00,117.147,117.18,117.146,117.161,117.227,117.26,117.226,117.241
2016/12/26 07:57:00,117.161,117.182,117.16,117.182,117.241,117.262,117.24,117.262
2016/12/26 07:58:00,117.182,117.182,117.18,117.18,117.262,117.262,117.26,117.26
2016/12/26 07:59:00,117.18,117.233,117.18,117.216,117.26,117.308,117.26,117.281
2016/12/26 08:00:00,117.216,117.233,117.204,117.223,117.281,117.306,117.263,117.266
2016/12/26 08:01:00,117.223,117.229,117.202,117.211,117.266,117.3,117.25,117.291
2016/12/26 08:02:00,117.211,117.257,117.205,117.257,117.291,117.332,117.285,117.322
2016/12/26 08:03:00,117.257,117.259,117.199,117.22,117.322,117.328,117.279,117.292
2016/12/26 08:04:00,117.22,117.259,117.207,117.258,117.292,117.33,117.262,117.309
2016/12/26 08:05:00,117.258,117.267,117.222,117.238,117.309,117.324,117.302,117.318
2016/12/26 08:06:00,117.238,117.265,117.227,117.231,117.318,117.328,117.296,117.297
2016/12/26 08:07:00,117.231,117.272,117.198,117.198,117.297,117.318,117.271,117.278
2016/12/26 08:08:00,117.198,117.234,117.193,117.201,117.278,117.288,117.273,117.281
2016/12/26 08:09:00,117.201,117.224,117.201,117.224,117.281,117.283,117.27,117.279
2016/12/26 08:10:00,117.224,117.231,117.214,117.229,117.279,117.293,117.267,117.29
2016/12/26 08:11:00,117.229,117.229,117.211,117.217,117.29,117.29,117.262,117.272
2016/12/26 08:12:00,117.217,117.223,117.212,117.215,117.272,117.294,117.261,117.292
2016/12/26 08:13:00,117.215,117.231,117.212,117.221,117.292,117.297,117.262,117.263
2016/12/26 08:14:00,117.221,117.243,117.213,117.218,117.263,117.284,117.239,117.284
2016/12/26 08:15:00,117.218,117.249,117.218,117.221,117.284,117.287,117.243,117.274
2016/12/26 08:16:00,117.221,117.246,117.213,117.219,117.274,117.278,117.233,117.274
2016/12/26 08:17:00,117.219,117.246,117.201,117.201,117.274,117.3,117.226,117.281
2016/12/26 08:18:00,117.201,117.234,117.192,117.206,117.281,117.293,117.246,117.286
2016/12/26 08:19:00,117.206,117.24,117.206,117.238,117.286,117.287,117.276,117.28
2016/12/26 08:20:00,117.238,117.238,117.203,117.233,117.28,117.29,117.269,117.278
2016/12/26 08:21:00,117.233,117.234,117.192,117.196,117.278,117.283,117.272,117.275
2016/12/26 08:22:00,117.196,117.199,117.195,117.196,117.275,117.278,117.275,117.276
2016/12/26 08:23:00,117.196,117.22,117.194,117.22,117.276,117.3,117.274,117.3
2016/12/26 08:24:00,117.22,117.225,117.211,117.223,117.3,117.305,117.286,117.288
2016/12/26 08:25:00,117.223,117.237,117.223,117.232,117.288,117.297,117.283,117.297
2016/12/26 08:26:00,117.232,117.232,117.219,117.227,117.297,117.311,117.296,117.307
2016/12/26 08:27:00,117.227,117.241,117.223,117.231,117.307,117.314,117.288,117.3
2016/12/26 08:28:00,117.231,117.253,117.231,117.246,117.3,117.307,117.292,117.292
2016/12/26 08:29:00,117.246,117.279,117.241,117.273,117.292,117.321,117.269,117.316
2016/12/26 08:30:00,117.273,117.28,117.254,117.274,117.316,117.326,117.306,117.32
2016/12/26 08:31:00,117.274,117.305,117.274,117.301,117.32,117.348,117.316,117.34
2016/12/26 08:32:00,117.301,117.329,117.297,117.311,117.34,117.359,117.328,117.348
2016/12/26 08:33:00,117.311,117.344,117.311,117.326,117.348,117.392,117.337,117.382
2016/12/26 08:34:00,117.326,117.356,117.324,117.348,117.382,117.394,117.373,117.376
2016/12/26 08:35:00,117.348,117.349,117.314,117.315,117.376,117.387,117.356,117.358
2016/12/26 08:36:00,117.315,117.333,117.301,117.317,117.358,117.382,117.356,117.373
2016/12/26 08:37:00,117.317,117.323,117.296,117.309,117.373,117.377,117.338,117.353
2016/12/26 08:38:00,117.309,117.313,117.306,117.311,117.353,117.366,117.353,117.365
2016/12/26 08:39:00,117.311,117.318,117.307,117.313,117.365,117.367,117.359,117.363
2016/12/26 08:40:00,117.313,117.313,117.303,117.307,117.363,117.363,117.344,117.348
2016/12/26 08:41:00,117.307,117.313,117.303,117.308,117.348,117.354,117.344,117.349
2016/12/26 08:42:00,117.308,117.32,117.3,117.316,117.349,117.36,117.341,117.356
2016/12/26 08:43:00,117.316,117.321,117.303,117.311,117.356,117.363,117.35,117.356
2016/12/26 08:44:00,117.311,117.317,117.3,117.303,117.356,117.358,117.343,117.346
2016/12/26 08:45:00,117.303,117.308,117.298,117.308,117.346,117.349,117.34,117.349
2016/12/26 08:46:00,117.308,117.309,117.299,117.303,117.349,117.35,117.34,117.344
2016/12/26 08:47:00,117.303,117.321,117.291,117.291,117.344,117.362,117.342,117.342
2016/12/26 08:48:00,117.291,117.292,117.289,117.289,117.342,117.342,117.34,117.34
2016/12/26 08:49:00,117.289,117.3,117.287,117.288,117.34,117.351,117.321,117.348
2016/12/26 08:50:00,117.288,117.323,117.286,117.291,117.348,117.365,117.327,117.34
2016/12/26 08:51:00,117.291,117.31,117.289,117.304,117.34,117.361,117.338,117.355
2016/12/26 08:52:00,117.304,117.306,117.294,117.304,117.355,117.356,117.343,117.354
2016/12/26 08:53:00,117.304,117.309,117.302,117.305,117.354,117.359,117.352,117.355
2016/12/26 08:54:00,117.305,117.31,117.297,117.303,117.355,117.36,117.347,117.357
2016/12/26 08:55:00,117.303,117.311,117.299,117.303,117.357,117.364,117.348,117.35
2016/12/26 08:56:00,117.303,117.308,117.298,117.302,117.35,117.363,117.349,117.357
2016/12/26 08:57:00,117.302,117.307,117.299,117.304,117.357,117.361,117.348,117.352
2016/12/26 08:58:00,117.304,117.307,117.298,117.306,117.352,117.362,117.349,117.354
2016/12/26 08:59:00,117.306,117.329,117.304,117.32,117.354,117.361,117.315,117.323
2016/12/26 09:00:00,117.32,117.328,117.307,117.323,117.323,117.341,117.313,117.326
2016/12/26 09:01:00,117.323,117.325,117.255,117.256,117.326,117.34,117.286,117.316
2016/12/26 09:02:00,117.256,117.283,117.247,117.253,117.316,117.333,117.307,117.313
2016/12/26 09:03:00,117.253,117.271,117.226,117.261,117.313,117.322,117.286,117.321
2016/12/26 09:04:00,117.261,117.286,117.256,117.256,117.321,117.331,117.312,117.314
2016/12/26 09:05:00,117.256,117.267,117.256,117.261,117.314,117.314,117.309,117.312
2016/12/26 09:06:00,117.261,117.293,117.258,117.274,117.312,117.317,117.295,117.31
2016/12/26 09:07:00,117.274,117.293,117.26,117.273,117.31,117.313,117.286,117.309
2016/12/26 09:08:00,117.273,117.278,117.259,117.269,117.309,117.314,117.295,117.305
2016/12/26 09:09:00,117.269,117.275,117.265,117.268,117.305,117.309,117.3,117.306
2016/12/26 09:10:00,117.268,117.287,117.264,117.272,117.306,117.31,117.28,117.308
2016/12/26 09:11:00,117.272,117.288,117.267,117.279,117.308,117.321,117.291,117.315
2016/12/26 09:12:00,117.279,117.288,117.271,117.281,117.315,117.324,117.31,117.317
2016/12/26 09:13:00,117.281,117.285,117.269,117.272,117.317,117.321,117.306,117.308
2016/12/26 09:14:00,117.272,117.298,117.27,117.287,117.308,117.341,117.307,117.331
2016/12/26 09:15:00,117.287,117.304,117.283,117.286,117.331,117.347,117.326,117.329
2016/12/26 09:16:00,117.286,117.305,117.284,117.292,117.329,117.348,117.327,117.335
2016/12/26 09:17:00,117.292,117.304,117.285,117.294,117.335,117.347,117.328,117.338
2016/12/26 09:18:00,117.294,117.296,117.283,117.294,117.338,117.339,117.327,117.337
2016/12/26 09:19:00,117.294,117.3,117.282,117.294,117.337,117.343,117.325,117.337
2016/12/26 09:20:00,117.294,117.299,117.283,117.295,117.337,117.343,117.326,117.338
2016/12/26 09:21:00,117.295,117.299,117.285,117.29,117.338,117.342,117.328,117.333
2016/12/26 09:22:00,117.29,117.306,117.271,117.293,117.333,117.343,117.296,117.296
2016/12/26 09:23:00,117.293,117.299,117.286,117.292,117.296,117.302,117.289,117.295
2016/12/26 09:24:00,117.292,117.317,117.271,117.287,117.295,117.342,117.293,117.331
2016/12/26 09:25:00,117.287,117.3,117.271,117.288,117.331,117.335,117.295,117.332
2016/12/26 09:26:00,117.288,117.291,117.281,117.284,117.332,117.334,117.324,117.328
2016/12/26 09:27:00,117.284,117.294,117.279,117.291,117.328,117.336,117.315,117.334
2016/12/26 09:28:00,117.291,117.293,117.278,117.282,117.334,117.337,117.318,117.32
2016/12/26 09:29:00,117.282,117.286,117.275,117.276,117.32,117.322,117.315,117.315
2016/12/26 09:30:00,117.276,117.283,117.276,117.277,117.315,117.319,117.315,117.317
2016/12/26 09:31:00,117.277,117.284,117.276,117.278,117.317,117.32,117.315,117.318
2016/12/26 09:32:00,117.278,117.283,117.278,117.28,117.318,117.319,117.318,117.319
2016/12/26 09:33:00,117.28,117.284,117.278,117.278,117.319,117.32,117.317,117.317
2016/12/26 09:34:00,117.278,117.283,117.275,117.277,117.317,117.319,117.312,117.313
2016/12/26 09:35:00,117.277,117.294,117.271,117.278,117.313,117.32,117.294,117.314
2016/12/26 09:36:00,117.278,117.289,117.269,117.286,117.314,117.315,117.283,117.289
2016/12/26 09:37:00,117.286,117.292,117.278,117.281,117.289,117.295,117.281,117.284
2016/12/26 09:38:00,117.281,117.288,117.248,117.272,117.284,117.331,117.265,117.275
2016/12/26 09:39:00,117.272,117.276,117.262,117.266,117.275,117.279,117.265,117.269
2016/12/26 09:40:00,117.266,117.273,117.209,117.213,117.269,117.286,117.253,117.257
2016/12/26 09:41:00,117.213,117.216,117.202,117.21,117.257,117.264,117.251,117.262
2016/12/26 09:42:00,117.21,117.213,117.193,117.198,117.262,117.263,117.244,117.245
2016/12/26 09:43:00,117.198,117.219,117.194,117.21,117.245,117.25,117.208,117.213
2016/12/26 09:44:00,117.21,117.219,117.206,117.212,117.213,117.222,117.209,117.215
2016/12/26 09:45:00,117.212,117.214,117.201,117.206,117.215,117.245,117.209,117.242
2016/12/26 09:46:00,117.206,117.229,117.206,117.225,117.242,117.254,117.224,117.228
2016/12/26 09:47:00,117.225,117.23,117.222,117.225,117.228,117.233,117.225,117.228
2016/12/26 09:48:00,117.225,117.238,117.223,117.233,117.228,117.241,117.226,117.236
2016/12/26 09:49:00,117.233,117.236,117.201,117.227,117.236,117.251,117.229,117.23
2016/12/26 09:50:00,117.227,117.232,117.191,117.198,117.23,117.241,117.219,117.234
2016/12/26 09:51:00,117.198,117.198,117.149,117.177,117.234,117.234,117.173,117.18
2016/12/26 09:52:00,117.177,117.178,117.137,117.138,117.18,117.206,117.155,117.179
2016/12/26 09:53:00,117.138,117.151,117.096,117.103,117.179,117.182,117.123,117.151
2016/12/26 09:54:00,117.103,117.111,117.019,117.021,117.151,117.151,117.055,117.077
2016/12/26 09:55:00,117.021,117.098,117.021,117.098,117.077,117.143,117.077,117.101
2016/12/26 09:56:00,117.098,117.104,117.073,117.098,117.101,117.129,117.09,117.101
2016/12/26 09:57:00,117.098,117.102,117.075,117.076,117.101,117.116,117.095,117.112
2016/12/26 09:58:00,117.076,117.096,117.066,117.096,117.112,117.117,117.087,117.099
2016/12/26 09:59:00,117.096,117.096,117.058,117.067,117.099,117.111,117.093,117.11
2016/12/26 10:00:00,117.067,117.067,117.051,117.055,117.11,117.111,117.088,117.104
2016/12/26 10:01:00,117.055,117.064,117.055,117.064,117.104,117.109,117.104,117.109
2016/12/26 10:02:00,117.064,117.07,117.062,117.069,117.109,117.111,117.107,117.111
2016/12/26 10:03:00,117.069,117.076,117.067,117.067,117.111,117.115,117.103,117.108
2016/12/26 10:04:00,117.067,117.078,117.067,117.073,117.108,117.117,117.106,117.113
2016/12/26 10:05:00,117.073,117.083,117.071,117.083,117.113,117.116,117.107,117.111
2016/12/26 10:06:00,117.083,117.098,117.067,117.072,117.111,117.116,117.088,117.11
2016/12/26 10:07:00,117.072,117.121,117.068,117.121,117.11,117.131,117.106,117.124
2016/12/26 10:08:00,117.121,117.162,117.116,117.133,117.124,117.205,117.119,117.183
2016/12/26 10:09:00,117.133,117.136,117.124,117.13,117.183,117.187,117.179,117.184
2016/12/26 10:10:00,117.13,117.137,117.127,117.13,117.184,117.191,117.174,117.18
2016/12/26 10:11:00,117.13,117.137,117.128,117.135,117.18,117.182,117.172,117.175
2016/12/26 10:12:00,117.135,117.151,117.115,117.121,117.175,117.195,117.167,117.177
2016/12/26 10:13:00,117.121,117.169,117.12,117.168,117.177,117.19,117.167,117.171
2016/12/26 10:14:00,117.168,117.168,117.146,117.158,117.171,117.171,117.149,117.161
2016/12/26 10:15:00,117.158,117.168,117.151,117.166,117.161,117.171,117.154,117.169
2016/12/26 10:16:00,117.166,117.173,117.151,117.161,117.169,117.176,117.154,117.164
2016/12/26 10:17:00,117.161,117.181,117.158,117.181,117.164,117.184,117.161,117.184
2016/12/26 10:18:00,117.181,117.198,117.171,117.175,117.184,117.201,117.174,117.178
2016/12/26 10:19:00,117.175,117.182,117.172,117.173,117.178,117.185,117.175,117.176
2016/12/26 10:20:00,117.173,117.182,117.173,117.175,117.176,117.185,117.176,117.178
2016/12/26 10:21:00,117.175,117.179,117.174,117.178,117.178,117.182,117.177,117.181
2016/12/26 10:22:00,117.178,117.184,117.176,117.178,117.181,117.187,117.179,117.181
2016/12/26 10:23:00,117.178,117.18,117.175,117.176,117.181,117.183,117.178,117.179
2016/12/26 10:24:00,117.176,117.181,117.136,117.139,117.179,117.184,117.139,117.142
2016/12/26 10:25:00,117.139,117.15,117.137,117.15,117.142,117.153,117.14,117.153
2016/12/26 10:26:00,117.15,117.152,117.144,117.151,117.153,117.155,117.147,117.154
2016/12/26 10:27:00,117.151,117.159,117.143,117.145,117.154,117.162,117.146,117.148
2016/12/26 10:28:00,117.145,117.145,117.138,117.142,117.148,117.148,117.141,117.145
2016/12/26 10:29:00,117.142,117.146,117.14,117.141,117.145,117.149,117.143,117.144
2016/12/26 10:30:00,117.141,117.142,117.123,117.128,117.144,117.145,117.126,117.131
2016/12/26 10:31:00,117.128,117.13,117.114,117.115,117.131,117.133,117.117,117.118
2016/12/26 10:32:00,117.115,117.118,117.111,117.112,117.118,117.121,117.114,117.115
2016/12/26 10:33:00,117.112,117.114,117.092,117.092,117.115,117.117,117.095,117.095
2016/12/26 10:34:00,117.092,117.095,117.085,117.085,117.095,117.098,117.088,117.088
2016/12/26 10:35:00,117.085,117.109,117.085,117.097,117.088,117.112,117.088,117.1
2016/12/26 10:36:00,117.097,117.103,117.084,117.1,117.1,117.106,117.087,117.103
2016/12/26 10:37:00,117.1,117.107,117.094,117.105,117.103,117.11,117.097,117.108
2016/12/26 10:38:00,117.105,117.106,117.102,117.104,117.108,117.109,117.105,117.107
2016/12/26 10:39:00,117.104,117.114,117.102,117.109,117.107,117.117,117.105,117.112
2016/12/26 10:40:00,117.109,117.137,117.109,117.131,117.112,117.14,117.112,117.134
2016/12/26 10:41:00,117.131,117.146,117.131,117.142,117.134,117.149,117.134,117.145
2016/12/26 10:42:00,117.142,117.164,117.14,117.157,117.145,117.167,117.143,117.16
2016/12/26 10:43:00,117.157,117.158,117.136,117.155,117.16,117.161,117.139,117.158
2016/12/26 10:44:00,117.155,117.159,117.151,117.157,117.158,117.162,117.154,117.16
2016/12/26 10:45:00,117.157,117.158,117.153,117.155,117.16,117.161,117.156,117.158
2016/12/26 10:46:00,117.155,117.179,117.154,117.175,117.158,117.182,117.157,117.178
2016/12/26 10:47:00,117.175,117.178,117.154,117.157,117.178,117.181,117.157,117.16
2016/12/26 10:48:00,117.157,117.159,117.137,117.155,117.16,117.162,117.14,117.158
2016/12/26 10:49:00,117.155,117.159,117.154,117.156,117.158,117.162,117.157,117.159
2016/12/26 10:50:00,117.156,117.157,117.124,117.125,117.159,117.16,117.127,117.128
2016/12/26 10:51:00,117.125,117.142,117.121,117.126,117.128,117.145,117.124,117.129
2016/12/26 10:52:00,117.126,117.139,117.126,117.135,117.129,117.142,117.129,117.138
2016/12/26 10:53:00,117.135,117.136,117.126,117.135,117.138,117.139,117.129,117.138
2016/12/26 10:54:00,117.135,117.135,117.127,117.133,117.138,117.138,117.13,117.136
2016/12/26 10:55:00,117.133,117.143,117.128,117.139,117.136,117.146,117.131,117.142
2016/12/26 10:56:00,117.139,117.144,117.134,117.141,117.142,117.147,117.137,117.144
2016/12/26 10:57:00,117.141,117.146,117.137,117.145,117.144,117.149,117.14,117.148
2016/12/26 10:58:00,117.145,117.15,117.14,117.15,117.148,117.153,117.143,117.153
2016/12/26 10:59:00,117.15,117.155,117.133,117.137,117.153,117.158,117.136,117.14
2016/12/26 11:00:00,117.137,117.141,117.136,117.14,117.14,117.144,117.139,117.143
2016/12/26 11:01:00,117.14,117.15,117.139,117.148,117.143,117.153,117.142,117.151
2016/12/26 11:02:00,117.148,117.157,117.14,117.151,117.151,117.16,117.143,117.154
2016/12/26 11:03:00,117.151,117.155,117.149,117.15,117.154,117.158,117.152,117.153
2016/12/26 11:04:00,117.15,117.158,117.15,117.156,117.153,117.161,117.153,117.159
2016/12/26 11:05:00,117.156,117.156,117.149,117.149,117.159,117.159,117.152,117.152
2016/12/26 11:06:00,117.149,117.159,117.149,117.151,117.152,117.162,117.152,117.154
2016/12/26 11:07:00,117.151,117.155,117.149,117.151,117.154,117.158,117.152,117.154
2016/12/26 11:08:00,117.151,117.159,117.151,117.159,117.154,117.162,117.154,117.162
2016/12/26 11:09:00,117.159,117.16,117.151,117.155,117.162,117.163,117.154,117.158
2016/12/26 11:10:00,117.155,117.157,117.144,117.153,117.158,117.16,117.147,117.156
2016/12/26 11:11:00,117.153,117.157,117.146,117.152,117.156,117.16,117.149,117.155
2016/12/26 11:12:00,117.152,117.16,117.146,117.148,117.155,117.163,117.149,117.151
2016/12/26 11:13:00,117.148,117.153,117.145,117.146,117.151,117.156,117.148,117.149
2016/12/26 11:14:00,117.146,117.147,117.134,117.139,117.149,117.15,117.137,117.142
2016/12/26 11:15:00,117.139,117.154,117.135,117.138,117.142,117.157,117.138,117.141
2016/12/26 11:16:00,117.138,117.147,117.135,117.141,117.141,117.15,117.138,117.144
2016/12/26 11:17:00,117.141,117.153,117.133,117.133,117.144,117.156,117.136,117.136
2016/12/26 11:18:00,117.133,117.147,117.133,117.146,117.136,117.15,117.136,117.149
2016/12/26 11:19:00,117.146,117.158,117.135,117.154,117.149,117.161,117.138,117.157
2016/12/26 11:20:00,117.154,117.157,117.131,117.138,117.157,117.16,117.134,117.141
2016/12/26 11:21:00,117.138,117.156,117.137,117.147,117.141,117.159,117.14,117.15
2016/12/26 11:22:00,117.147,117.155,117.144,117.15,117.15,117.158,117.147,117.153
2016/12/26 11:23:00,117.15,117.15,117.137,117.14,117.153,117.153,117.14,117.143
2016/12/26 11:24:00,117.14,117.154,117.138,117.151,117.143,117.157,117.141,117.154
2016/12/26 11:25:00,117.151,117.155,117.145,117.148,117.154,117.158,117.148,117.151
2016/12/26 11:26:00,117.148,117.161,117.141,117.146,117.151,117.164,117.144,117.149
2016/12/26 11:27:00,117.146,117.149,117.127,117.132,117.149,117.152,117.13,117.135
2016/12/26 11:28:00,117.132,117.138,117.126,117.137,117.135,117.141,117.129,117.14
2016/12/26 11:29:00,117.137,117.155,117.129,117.136,117.14,117.158,117.132,117.139
2016/12/26 11:30:00,117.136,117.144,117.133,117.139,117.139,117.147,117.136,117.142
2016/12/26 11:31:00,117.139,117.142,117.107,117.129,117.142,117.145,117.11,117.132
2016/12/26 11:32:00,117.129,117.134,117.127,117.127,117.132,117.137,117.13,117.13
2016/12/26 11:33:00,117.127,117.131,117.121,117.127,117.13,117.134,117.124,117.13
2016/12/26 11:34:00,117.127,117.13,117.107,117.13,117.13,117.133,117.11,117.133
2016/12/26 11:35:00,117.13,117.136,117.127,117.133,117.133,117.139,117.13,117.136
2016/12/26 11:36:00,117.133,117.139,117.102,117.109,117.136,117.142,117.105,117.112
2016/12/26 11:37:00,117.109,117.137,117.108,117.115,117.112,117.14,117.111,117.118
2016/12/26 11:38:00,117.115,117.117,117.108,117.116,117.118,117.12,117.111,117.119
2016/12/26 11:39:00,117.116,117.116,117.114,117.115,117.119,117.119,117.117,117.118
2016/12/26 11:40:00,117.115,117.126,117.11,117.126,117.118,117.129,117.113,117.129
2016/12/26 11:41:00,117.126,117.135,117.118,117.12,117.129,117.138,117.121,117.123
2016/12/26 11:42:00,117.12,117.127,117.115,117.121,117.123,117.13,117.118,117.124
2016/12/26 11:43:00,117.121,117.121,117.114,117.118,117.124,117.124,117.117,117.121
2016/12/26 11:44:00,117.118,117.121,117.109,117.109,117.121,117.124,117.112,117.112
2016/12/26 11:45:00,117.109,117.117,117.107,117.107,117.112,117.12,117.11,117.11
2016/12/26 11:46:00,117.107,117.111,117.105,117.109,117.11,117.114,117.108,117.112
2016/12/26 11:47:00,117.109,117.117,117.108,117.111,117.112,117.12,117.111,117.114
2016/12/26 11:48:00,117.111,117.117,117.108,117.116,117.114,117.12,117.111,117.119
2016/12/26 11:49:00,117.116,117.116,117.11,117.111,117.119,117.119,117.113,117.114
2016/12/26 11:50:00,117.111,117.116,117.111,117.113,117.114,117.119,117.114,117.116
2016/12/26 11:51:00,117.113,117.114,117.103,117.109,117.116,117.117,117.106,117.112
2016/12/26 11:52:00,117.109,117.11,117.102,117.104,117.112,117.113,117.105,117.107
2016/12/26 11:53:00,117.104,117.104,117.06,117.074,117.107,117.107,117.063,117.077
2016/12/26 11:54:00,117.074,117.076,117.074,117.075,117.077,117.079,117.077,117.078
2016/12/26 11:55:00,117.075,117.079,117.075,117.079,117.078,117.082,117.078,117.082
2016/12/26 11:56:00,117.079,117.08,117.077,117.077,117.082,117.083,117.08,117.08
2016/12/26 11:57:00,117.077,117.079,117.051,117.052,117.08,117.082,117.054,117.055
2016/12/26 11:58:00,117.052,117.054,117.05,117.054,117.055,117.057,117.053,117.057
2016/12/26 11:59:00,117.054,117.055,117.05,117.055,117.057,117.058,117.053,117.058
2016/12/26 12:00:00,117.055,117.058,117.054,117.058,117.058,117.061,117.057,117.061
2016/12/26 12:01:00,117.058,117.058,117.049,117.05,117.061,117.061,117.052,117.053
2016/12/26 12:02:00,117.05,117.06,117.049,117.059,117.053,117.063,117.052,117.062
2016/12/26 12:03:00,117.059,117.061,117.048,117.048,117.062,117.064,117.051,117.051
2016/12/26 12:04:00,117.048,117.067,117.048,117.052,117.051,117.07,117.051,117.055
2016/12/26 12:05:00,117.052,117.055,117.051,117.053,117.055,117.058,117.054,117.056
2016/12/26 12:06:00,117.053,117.06,117.048,117.048,117.056,117.063,117.051,117.051
2016/12/26 12:07:00,117.048,117.054,117.046,117.053,117.051,117.057,117.049,117.056
2016/12/26 12:08:00,117.053,117.06,117.049,117.055,117.056,117.063,117.052,117.058
2016/12/26 12:09:00,117.055,117.055,117.051,117.054,117.058,117.058,117.054,117.057
2016/12/26 12:10:00,117.054,117.057,117.052,117.054,117.057,117.06,117.055,117.057
2016/12/26 12:11:00,117.054,117.064,117.052,117.062,117.057,117.067,117.055,117.065
2016/12/26 12:12:00,117.062,117.067,117.054,117.067,117.065,117.07,117.057,117.07
2016/12/26 12:13:00,117.067,117.074,117.065,117.072,117.07,117.077,117.068,117.075
2016/12/26 12:14:00,117.072,117.078,117.07,117.07,117.075,117.081,117.073,117.073
2016/12/26 12:15:00,117.07,117.08,117.069,117.076,117.073,117.083,117.072,117.079
2016/12/26 12:16:00,117.076,117.084,117.066,117.068,117.079,117.087,117.069,117.071
2016/12/26 12:17:00,117.068,117.072,117.067,117.069,117.071,117.075,117.07,117.072
2016/12/26 12:18:00,117.069,117.07,117.061,117.061,117.072,117.073,117.064,117.064
2016/12/26 12:19:00,117.061,117.061,117.058,117.06,117.064,117.064,117.061,117.063
2016/12/26 12:20:00,117.06,117.06,117.058,117.058,117.063,117.063,117.061,117.061
2016/12/26 12:21:00,117.058,117.06,117.058,117.059,117.061,117.063,117.061,117.062
2016/12/26 12:22:00,117.059,117.06,117.058,117.058,117.062,117.063,117.061,117.061
2016/12/26 12:23:00,117.058,117.077,117.058,117.065,117.061,117.08,117.061,117.068
2016/12/26 12:24:00,117.065,117.081,117.062,117.078,117.068,117.084,117.065,117.081
2016/12/26 12:25:00,117.078,117.079,117.076,117.078,117.081,117.082,117.079,117.081
2016/12/26 12:26:00,117.078,117.08,117.072,117.078,117.081,117.083,117.075,117.081
2016/12/26 12:27:00,117.078,117.082,117.077,117.077,117.081,117.085,117.08,117.08
2016/12/26 12:28:00,117.077,117.081,117.075,117.076,117.08,117.084,117.078,117.079
2016/12/26 12:29:00,117.076,117.08,117.063,117.065,117.079,117.083,117.066,117.068
2016/12/26 12:30:00,117.065,117.065,117.056,117.059,117.068,117.068,117.059,117.062
2016/12/26 12:31:00,117.059,117.065,117.054,117.062,117.062,117.068,117.057,117.065
2016/12/26 12:32:00,117.062,117.068,117.059,117.062,117.065,117.071,117.062,117.065
2016/12/26 12:33:00,117.062,117.07,117.06,117.063,117.065,117.073,117.063,117.066
2016/12/26 12:34:00,117.063,117.067,117.063,117.063,117.066,117.07,117.066,117.066
2016/12/26 12:35:00,117.063,117.068,117.061,117.065,117.066,117.071,117.064,117.068
2016/12/26 12:36:00,117.065,117.069,117.061,117.066,117.068,117.072,117.064,117.069
2016/12/26 12:37:00,117.066,117.07,117.061,117.061,117.069,117.073,117.064,117.064
2016/12/26 12:38:00,117.061,117.065,117.061,117.061,117.064,117.068,117.064,117.064
2016/12/26 12:39:00,117.061,117.067,117.06,117.064,117.064,117.07,117.063,117.067
2016/12/26 12:40:00,117.064,117.068,117.062,117.064,117.067,117.071,117.065,117.067
2016/12/26 12:41:00,117.064,117.067,117.061,117.065,117.067,117.07,117.064,117.068
2016/12/26 12:42:00,117.065,117.071,117.063,117.064,117.068,117.074,117.066,117.067
2016/12/26 12:43:00,117.064,117.068,117.053,117.053,117.067,117.071,117.056,117.056
2016/12/26 12:44:00,117.053,117.065,117.053,117.06,117.056,117.068,117.056,117.063
2016/12/26 12:45:00,117.06,117.074,117.048,117.056,117.063,117.077,117.051,117.059
2016/12/26 12:46:00,117.056,117.059,117.054,117.055,117.059,117.062,117.057,117.058
2016/12/26 12:47:00,117.055,117.057,117.041,117.045,117.058,117.06,117.044,117.048
2016/12/26 12:48:00,117.045,117.045,117.022,117.023,117.048,117.048,117.025,117.026
2016/12/26 12:49:00,117.023,117.028,117.02,117.027,117.026,117.031,117.023,117.03
2016/12/26 12:50:00,117.027,117.027,117.021,117.023,117.03,117.03,117.024,117.026
2016/12/26 12:51:00,117.023,117.023,117.009,117.015,117.026,117.026,117.012,117.018
2016/12/26 12:52:00,117.015,117.02,117.009,117.01,117.018,117.023,117.012,117.013
2016/12/26 12:53:00,117.01,117.01,117.006,117.01,117.013,117.013,117.009,117.013
2016/12/26 12:54:00,117.01,117.012,117.01,117.011,117.013,117.015,117.013,117.014
2016/12/26 12:55:00,117.011,117.013,117.01,117.013,117.014,117.016,117.013,117.016
2016/12/26 12:56:00,117.013,117.059,117.007,117.059,117.016,117.062,117.01,117.062
2016/12/26 12:57:00,117.059,117.084,117.019,117.077,117.062,117.087,117.022,117.08
2016/12/26 12:58:00,117.077,117.079,117.032,117.054,117.08,117.082,117.035,117.057
2016/12/26 12:59:00,117.054,117.077,117.05,117.052,117.057,117.08,117.053,117.055
2016/12/26 13:00:00,117.052,117.091,117.047,117.078,117.055,117.094,117.05,117.081
2016/12/26 13:01:00,117.078,117.102,117.061,117.076,117.081,117.105,117.064,117.079
2016/12/26 13:02:00,117.076,117.129,117.075,117.107,117.079,117.132,117.078,117.11
2016/12/26 13:03:00,117.107,117.148,117.08,117.111,117.11,117.151,117.083,117.114
2016/12/26 13:04:00,117.111,117.16,117.107,117.147,117.114,117.163,117.11,117.15
2016/12/26 13:05:00,117.147,117.172,117.136,117.169,117.15,117.175,117.139,117.172
2016/12/26 13:06:00,117.169,117.223,117.133,117.171,117.172,117.226,117.136,117.174
2016/12/26 13:07:00,117.171,117.21,117.167,117.2,117.174,117.213,117.17,117.203
2016/12/26 13:08:00,117.2,117.249,117.187,117.229,117.203,117.252,117.19,117.232
2016/12/26 13:09:00,117.229,117.231,117.19,117.208,117.232,117.234,117.193,117.211
2016/12/26 13:10:00,117.208,117.21,117.2,117.203,117.211,117.213,117.203,117.206
2016/12/26 13:11:00,117.203,117.207,117.164,117.165,117.206,117.21,117.167,117.168
2016/12/26 13:12:00,117.165,117.17,117.156,117.167,117.168,117.173,117.159,117.17
2016/12/26 13:13:00,117.167,117.169,117.125,117.162,117.17,117.172,117.128,117.165
2016/12/26 13:14:00,117.162,117.165,117.123,117.129,117.165,117.168,117.126,117.132
2016/12/26 13:15:00,117.129,117.16,117.108,117.125,117.132,117.163,117.111,117.128
2016/12/26 13:16:00,117.125,117.126,117.096,117.1,117.128,117.129,117.099,117.103
2016/12/26 13:17:00,117.1,117.118,117.066,117.066,117.103,117.121,117.069,117.069
2016/12/26 13:18:00,117.066,117.085,117.057,117.062,117.069,117.088,117.06,117.065
2016/12/26 13:19:00,117.062,117.086,117.062,117.084,117.065,117.089,117.065,117.087
2016/12/26 13:20:00,117.084,117.104,117.083,117.088,117.087,117.107,117.086,117.091
2016/12/26 13:21:00,117.088,117.103,117.071,117.089,117.091,117.106,117.074,117.092
2016/12/26 13:22:00,117.089,117.11,117.081,117.11,117.092,117.113,117.084,117.113
2016/12/26 13:23:00,117.11,117.114,117.092,117.1,117.113,117.117,117.095,117.103
2016/12/26 13:24:00,117.1,117.108,117.087,117.107,117.103,117.111,117.09,117.11
2016/12/26 13:25:00,117.107,117.116,117.091,117.109,117.11,117.119,117.094,117.112
2016/12/26 13:26:00,117.109,117.116,117.093,117.103,117.112,117.119,117.096,117.106
2016/12/26 13:27:00,117.103,117.121,117.082,117.116,117.106,117.124,117.085,117.119
2016/12/26 13:28:00,117.116,117.122,117.106,117.119,117.119,117.125,117.109,117.122
2016/12/26 13:29:00,117.119,117.121,117.085,117.087,117.122,117.124,117.088,117.09
2016/12/26 13:30:00,117.087,117.092,117.082,117.083,117.09,117.095,117.085,117.086
2016/12/26 13:31:00,117.083,117.11,117.077,117.104,117.086,117.113,117.08,117.107
2016/12/26 13:32:00,117.104,117.134,117.093,117.117,117.107,117.137,117.096,117.12
2016/12/26 13:33:00,117.117,117.145,117.116,117.138,117.12,117.148,117.119,117.141
2016/12/26 13:34:00,117.138,117.151,117.127,117.147,117.141,117.154,117.13,117.15
2016/12/26 13:35:00,117.147,117.153,117.118,117.141,117.15,117.156,117.121,117.144
2016/12/26 13:36:00,117.141,117.144,117.12,117.129,117.144,117.147,117.123,117.132
2016/12/26 13:37:00,117.129,117.129,117.121,117.127,117.132,117.132,117.124,117.13
2016/12/26 13:38:00,117.127,117.129,117.116,117.126,117.13,117.132,117.119,117.129
2016/12/26 13:39:00,117.126,117.129,117.121,117.126,117.129,117.132,117.124,117.129
2016/12/26 13:40:00,117.126,117.146,117.11,117.141,117.129,117.149,117.113,117.144
2016/12/26 13:41:00,117.141,117.167,117.126,117.162,117.144,117.17,117.129,117.165
2016/12/26 13:42:00,117.162,117.172,117.162,117.165,117.165,117.175,117.165,117.168
2016/12/26 13:43:00,117.165,117.172,117.163,117.172,117.168,117.175,117.166,117.175
2016/12/26 13:44:00,117.172,117.176,117.135,117.163,117.175,117.179,117.138,117.166
2016/12/26 13:45:00,117.163,117.163,117.13,117.151,117.166,117.166,117.133,117.154
2016/12/26 13:46:00,117.151,117.157,117.151,117.153,117.154,117.16,117.154,117.156
2016/12/26 13:47:00,117.153,117.162,117.127,117.154,117.156,117.165,117.13,117.157
2016/12/26 13:48:00,117.154,117.162,117.151,117.161,117.157,117.165,117.154,117.164
2016/12/26 13:49:00,117.161,117.163,117.149,117.153,117.164,117.166,117.152,117.156
2016/12/26 13:50:00,117.153,117.163,117.15,117.161,117.156,117.166,117.153,117.164
2016/12/26 13:51:00,117.161,117.171,117.153,117.162,117.164,117.174,117.156,117.165
2016/12/26 13:52:00,117.162,117.167,117.156,117.166,117.165,117.17,117.159,117.169
2016/12/26 13:53:00,117.166,117.18,117.157,117.177,117.169,117.183,117.16,117.18
2016/12/26 13:54:00,117.177,117.203,117.177,117.2,117.18,117.206,117.18,117.203
2016/12/26 13:55:00,117.2,117.207,117.191,117.198,117.203,117.21,117.194,117.201
2016/12/26 13:56:00,117.198,117.208,117.191,117.205,117.201,117.211,117.194,117.208
2016/12/26 13:57:00,117.205,117.212,117.198,117.209,117.208,117.215,117.201,117.212
2016/12/26 13:58:00,117.209,117.211,117.171,117.194,117.212,117.214,117.174,117.197
2016/12/26 13:59:00,117.194,117.195,117.171,117.183,117.197,117.198,117.174,117.186
2016/12/26 14:00:00,117.183,117.188,117.176,117.181,117.186,117.191,117.179,117.184
2016/12/26 14:01:00,117.181,117.192,117.175,117.18,117.184,117.195,117.178,117.183
2016/12/26 14:02:00,117.18,117.187,117.169,117.184,117.183,117.19,117.172,117.187
2016/12/26 14:03:00,117.184,117.185,117.182,117.182,117.187,117.188,117.185,117.185
2016/12/26 14:04:00,117.182,117.183,117.18,117.182,117.185,117.186,117.183,117.185
2016/12/26 14:05:00,117.182,117.183,117.167,117.169,117.185,117.186,117.17,117.172
2016/12/26 14:06:00,117.169,117.177,117.163,117.175,117.172,117.18,117.166,117.178
2016/12/26 14:07:00,117.175,117.177,117.157,117.162,117.178,117.18,117.16,117.165
2016/12/26 14:08:00,117.162,117.166,117.157,117.157,117.165,117.169,117.16,117.16
2016/12/26 14:09:00,117.157,117.16,117.122,117.144,117.16,117.163,117.125,117.147
2016/12/26 14:10:00,117.144,117.156,117.142,117.143,117.147,117.159,117.145,117.146
2016/12/26 14:11:00,117.143,117.144,117.107,117.108,117.146,117.147,117.11,117.111
2016/12/26 14:12:00,117.108,117.124,117.1,117.108,117.111,117.127,117.103,117.111
2016/12/26 14:13:00,117.108,117.125,117.082,117.102,117.111,117.128,117.085,117.105
2016/12/26 14:14:00,117.102,117.103,117.062,117.089,117.105,117.106,117.065,117.092
2016/12/26 14:15:00,117.089,117.101,117.085,117.1,117.092,117.104,117.088,117.103
2016/12/26 14:16:00,117.1,117.12,117.079,117.083,117.103,117.123,117.082,117.086
2016/12/26 14:17:00,117.083,117.125,117.078,117.097,117.086,117.128,117.081,117.1
2016/12/26 14:18:00,117.097,117.117,117.096,117.096,117.1,117.12,117.099,117.099
2016/12/26 14:19:00,117.096,117.1,117.096,117.099,117.099,117.103,117.099,117.102
2016/12/26 14:20:00,117.099,117.112,117.099,117.104,117.102,117.115,117.102,117.107
2016/12/26 14:21:00,117.104,117.108,117.103,117.108,117.107,117.111,117.106,117.111
2016/12/26 14:22:00,117.108,117.12,117.108,117.112,117.111,117.123,117.111,117.115
2016/12/26 14:23:00,117.112,117.133,117.107,117.126,117.115,117.136,117.11,117.129
2016/12/26 14:24:00,117.126,117.14,117.111,117.134,117.129,117.143,117.114,117.137
2016/12/26 14:25:00,117.134,117.193,117.129,117.176,117.137,117.196,117.132,117.179
2016/12/26 14:26:00,117.176,117.194,117.16,117.181,117.179,117.197,117.163,117.184
2016/12/26 14:27:00,117.181,117.207,117.143,117.184,117.184,117.21,117.146,117.187
2016/12/26 14:28:00,117.184,117.223,117.138,117.163,117.187,117.226,117.141,117.166
2016/12/26 14:29:00,117.163,117.197,117.128,117.172,117.166,117.2,117.131,117.175
2016/12/26 14:30:00,117.172,117.178,117.132,117.153,117.175,117.181,117.135,117.156
2016/12/26 14:31:00,117.153,117.189,117.126,117.18,117.156,117.192,117.129,117.183
2016/12/26 14:32:00,117.18,117.191,117.133,117.141,117.183,117.194,117.136,117.144
2016/12/26 14:33:00,117.141,117.164,117.133,117.153,117.144,117.167,117.136,117.156
2016/12/26 14:34:00,117.153,117.183,117.137,117.157,117.156,117.186,117.14,117.16
2016/12/26 14:35:00,117.157,117.169,117.138,117.154,117.16,117.172,117.141,117.157
2016/12/26 14:36:00,117.154,117.158,117.138,117.143,117.157,117.161,117.141,117.146
2016/12/26 14:37:00,117.143,117.144,117.137,117.143,117.146,117.147,117.14,117.146
2016/12/26 14:38:00,117.143,117.147,117.141,117.143,117.146,117.15,117.144,117.146
2016/12/26 14:39:00,117.143,117.145,117.14,117.141,117.146,117.148,117.143,117.144
2016/12/26 14:40:00,117.141,117.146,117.136,117.137,117.144,117.149,117.139,117.14
2016/12/26 14:41:00,117.137,117.14,117.096,117.115,117.14,117.143,117.099,117.118
2016/12/26 14:42:00,117.115,117.116,117.067,117.088,117.118,117.119,117.07,117.091
2016/12/26 14:43:00,117.088,117.088,117.067,117.078,117.091,117.091,117.07,117.081
2016/12/26 14:44:00,117.078,117.078,117.059,117.065,117.081,117.081,117.062,117.068
2016/12/26 14:45:00,117.065,117.066,117.017,117.052,117.068,117.079,117.053,117.055
2016/12/26 14:46:00,117.052,117.056,117.005,117.029,117.055,117.076,117.05,117.066
2016/12/26 14:47:00,117.029,117.034,117.002,117.01,117.066,117.072,117.038,117.046
2016/12/26 14:48:00,117.01,117.015,117.001,117.005,117.046,117.051,117.037,117.041
2016/12/26 14:49:00,117.005,117.009,116.998,117.002,117.041,117.056,117.033,117.038
2016/12/26 14:50:00,117.002,117.012,116.997,117.002,117.038,117.048,117.034,117.043
2016/12/26 14:51:00,117.002,117.02,116.997,117.017,117.043,117.06,117.037,117.053
2016/12/26 14:52:00,117.017,117.067,117.013,117.039,117.053,117.106,117.053,117.099
2016/12/26 14:53:00,117.039,117.104,117.038,117.06,117.099,117.16,117.098,117.12
2016/12/26 14:54:00,117.06,117.074,117.036,117.061,117.12,117.134,117.095,117.121
2016/12/26 14:55:00,117.061,117.117,117.037,117.081,117.121,117.167,117.097,117.122
2016/12/26 14:56:00,117.081,117.119,117.05,117.096,117.122,117.164,117.107,117.146
2016/12/26 14:57:00,117.096,117.105,117.054,117.065,117.146,117.146,117.105,117.125
2016/12/26 14:58:00,117.065,117.086,117.035,117.049,117.125,117.133,117.091,117.109
2016/12/26 14:59:00,117.049,117.1,117.04,117.099,117.109,117.15,117.092,117.135
