time,op,hi,lo,cl,10ma,25ma,75ma
2016/05/02 07:00:00,106.331,106.819,106.145,106.4135,109.752,110.08313999999999,113.2070666666667
2016/05/03 07:00:00,106.4135,107.412,105.549,106.94550000000001,109.50835000000002,109.80382,113.06160666666668
2016/05/04 07:00:00,106.94550000000001,107.361,106.254,107.03550000000001,109.27604999999998,109.57343999999999,112.91900000000004
2016/05/05 07:00:00,107.03550000000001,107.501,106.803,107.275,109.00585000000001,109.35739999999998,112.78686000000003
2016/05/06 07:00:00,107.275,107.419,106.441,107.1165,108.79060000000001,109.14676,112.64774000000003
2016/05/09 07:00:00,107.228,108.606,107.17,108.49,108.325,108.96339999999998,112.49219333333336
2016/05/10 07:00:00,108.49,109.371,108.275,109.3435,108.05135,108.85034,112.3614466666667
2016/05/11 07:00:00,109.3435,109.345,108.37,108.464,107.85655,108.81075999999999,112.24037333333337
2016/05/12 07:00:00,108.464,109.394,108.23,109.0395,107.55699999999999,108.75934,112.10402666666668
2016/05/13 07:00:00,109.0395,109.546,108.514,108.63149999999999,107.64955,108.79036,111.97363333333337
2016/05/16 07:00:00,108.66499999999999,109.093,108.469,109.06549999999999,107.87545,108.81291999999998,111.80668666666669
2016/05/17 07:00:00,109.06549999999999,109.652,108.843,109.13550000000001,108.14065000000001,108.85671999999998,111.64772000000002
2016/05/18 07:00:00,109.13550000000001,110.254,108.724,110.18350000000001,108.35965000000002,108.87726,111.50328666666668
2016/05/19 07:00:00,110.18350000000001,110.383,109.699,109.95750000000001,108.67445000000001,108.91346,111.40040666666665
2016/05/20 07:00:00,109.95750000000001,110.587,109.854,110.12450000000001,108.94269999999999,108.93484000000001,111.30955333333334
2016/05/23 07:00:00,110.147,110.238,109.112,109.229,109.2435,108.98964,111.21955333333334
2016/05/24 07:00:00,109.229,110.121,109.172,109.98349999999999,109.31739999999998,109.00480000000002,111.13119333333333
2016/05/25 07:00:00,109.98349999999999,110.449,109.867,110.1745,109.38140000000001,109.03339999999999,111.06276000000001
2016/05/26 07:00:00,110.1745,110.231,109.418,109.75450000000001,109.55245,109.05087999999999,111.02048
2016/05/27 07:00:00,109.75450000000001,110.451,109.475,110.28550000000001,109.62395000000001,109.06396,110.98487333333333
2016/05/30 07:00:00,110.412,111.445,110.413,111.144,109.78935000000001,109.00447999999999,110.94556666666668
2016/05/31 07:00:00,111.144,111.348,110.502,110.7365,109.99720000000002,109.00117999999999,110.8994466666667
2016/06/01 07:00:00,110.7365,110.828,109.052,109.463,110.1573,108.97897999999998,110.85494666666668
2016/06/02 07:00:00,109.463,109.582,108.523,108.851,110.08525,108.89912000000002,110.79325333333337
2016/06/03 07:00:00,108.851,109.135,106.51,106.5335,109.97460000000001,108.9286,110.73465333333336
2016/06/06 07:00:00,106.529,107.657,106.431,107.5385,109.61549999999997,108.93504000000003,110.65345333333333
2016/06/07 07:00:00,107.5385,107.901,107.151,107.3305,109.44645,108.98004000000005,110.58197999999999
2016/06/08 07:00:00,107.3305,107.385,106.592,106.88749999999999,109.18115,108.99544000000002,110.51831999999997
2016/06/09 07:00:00,106.88749999999999,107.175,106.254,106.959,108.85245,108.98952000000003,110.44770666666666
2016/06/10 07:00:00,106.959,107.253,106.554,106.9625,108.5729,108.97688,110.36716
2016/06/13 07:00:00,106.827,106.841,105.746,106.1285,108.24060000000001,108.97072,110.27341333333332
2016/06/14 07:00:00,106.1285,106.416,105.629,106.017,107.73904999999999,108.87625999999999,110.18589999999996
2016/06/15 07:00:00,106.017,106.394,105.46,105.9915,107.2671,108.74319999999997,110.07943333333331
2016/06/16 07:00:00,105.9915,105.995,103.548,104.326,106.91995000000001,108.64429999999999,109.97964666666664
2016/06/17 07:00:00,104.326,104.837,104.082,104.17250000000001,106.46744999999999,108.45576,109.85477999999998
2016/06/20 07:00:00,104.745,104.842,103.785,103.98349999999999,106.23134999999999,108.27740000000001,109.72685999999997
2016/06/21 07:00:00,103.98349999999999,105.058,103.592,104.77250000000001,105.87585000000001,108.07412000000001,109.60047999999998
2016/06/22 07:00:00,104.77250000000001,104.978,104.315,104.8115,105.62005000000002,107.8996,109.49573999999996
2016/06/23 07:00:00,104.8115,106.803,104.072,106.608,105.41245,107.68472000000001,109.38188
2016/06/24 07:00:00,106.608,106.608,100.346,102.2185,105.37735,107.55074000000002,109.2941133333333
2016/06/27 07:00:00,101.886,102.465,101.403,101.9,104.90294999999999,107.23450000000001,109.13923333333332
2016/06/28 07:00:00,101.9,102.84,101.565,102.71549999999999,104.48010000000002,106.94134000000003,108.98075333333331
2016/06/29 07:00:00,102.71549999999999,103.004,102.178,102.905,104.14994999999999,106.65062,108.84103999999999
2016/06/30 07:00:00,102.905,103.394,102.39,103.297,103.8413,106.35984000000002,108.71074666666664
2016/07/01 07:00:00,103.297,103.287,102.443,102.5205,103.73839999999998,106.10154000000003,108.60231999999999
2016/07/04 07:00:00,102.664,102.804,102.431,102.53649999999999,103.5732,105.79094000000003,108.4819333333333
2016/07/05 07:00:00,102.53649999999999,102.588,101.452,101.71950000000001,103.42850000000001,105.44664,108.35622666666666
2016/07/06 07:00:00,101.71950000000001,101.732,100.196,101.3835,103.1232,105.08596000000003,108.21401999999999
2016/07/07 07:00:00,101.3835,101.394,100.597,100.7625,102.78040000000001,104.76278000000003,108.06720666666665
2016/07/08 07:00:00,100.7625,101.279,100.013,100.5495,102.19585000000002,104.43923999999998,107.90645999999997
2016/07/11 07:00:00,100.604,102.892,100.552,102.7705,102.02895,104.19988000000001,107.7393533333333
2016/07/12 07:00:00,102.7705,104.988,102.452,104.75399999999999,102.11600000000001,104.00916000000001,107.59767333333329
2016/07/13 07:00:00,104.75399999999999,104.882,103.893,104.3725,102.31985,103.90610000000001,107.49165999999995
2016/07/14 07:00:00,104.3725,105.943,103.989,105.36,102.4666,103.8055,107.38413999999996
2016/07/15 07:00:00,105.36,106.314,104.662,104.8785,102.67289999999998,103.74154,107.28839333333327
2016/07/18 07:00:00,105.46950000000001,106.262,105.277,106.1165,102.9087,103.65817999999999,107.19743333333327
2016/07/19 07:00:00,106.1165,106.533,105.653,106.1645,103.26669999999999,103.6577,107.12809999999995
2016/07/20 07:00:00,106.1645,107.434,105.835,107.207,103.7112,103.66359999999999,107.07251999999995
2016/07/21 07:00:00,107.207,107.496,105.425,106.178,104.29355000000001,103.71222,107.03861999999994
2016/07/22 07:00:00,106.178,106.396,105.579,106.0935,104.83509999999998,103.78629999999997,107.01080666666661
2016/07/25 07:00:00,106.2,106.72,105.743,105.8375,105.3895,103.86313999999997,106.9844866666666
2016/07/26 07:00:00,105.8375,105.889,103.997,104.73750000000001,105.6962,103.93729999999998,106.95604666666662
2016/07/27 07:00:00,104.73750000000001,106.544,104.689,105.2975,105.69455,103.9359,106.9042533333333
2016/07/28 07:00:00,105.2975,105.503,104.489,105.28399999999999,105.78705,103.95534000000002,106.85117333333329
2016/07/29 07:00:00,105.28399999999999,105.587,101.975,102.09649999999999,105.77945,103.90238000000004,106.79598666666662
2016/08/01 07:00:00,102.1845,102.685,102.114,102.364,105.50124999999998,103.89750000000002,106.70721333333329
2016/08/02 07:00:00,102.364,102.83,100.681,100.9225,105.126,103.91606000000002,106.62073333333329
2016/08/03 07:00:00,100.9225,101.569,100.752,101.26750000000001,104.6018,103.84434000000003,106.50945333333327
2016/08/04 07:00:00,101.26750000000001,101.665,100.867,101.173,104.00785,103.77884,106.39651999999995
2016/08/05 07:00:00,101.173,102.063,100.873,101.79650000000001,103.50735,103.69388,106.28645999999995
2016/08/08 07:00:00,101.94,102.652,101.905,102.418,103.07764999999999,103.66492,106.15344666666661
2016/08/09 07:00:00,102.418,102.527,101.791,101.857,102.7357,103.66018,106.03599999999993
2016/08/10 07:00:00,101.857,101.957,100.97,101.187,102.44765000000002,103.66568,105.91020666666661
2016/08/11 07:00:00,101.187,102.06,101.027,101.928,102.0366,103.65781999999999,105.77323999999996
2016/08/12 07:00:00,101.928,102.271,100.835,101.30850000000001,101.701,103.70443999999998,105.69075999999994
2016/08/15 07:00:00,101.249,101.453,100.873,101.26849999999999,101.62219999999999,103.73479999999999,105.62323999999995
2016/08/16 07:00:00,101.26849999999999,99.996,100.001,100.2755,101.51265,103.67472,105.55463999999995
2016/08/17 07:00:00,100.2755,101.167,100.041,100.231,101.44795,103.49558,105.46570666666662
2016/08/18 07:00:00,100.231,99.999,100.002,99.928,101.3443,103.32992000000002,105.37497999999995
2016/08/19 07:00:00,99.928,99.988,100,100.221,101.21979999999999,103.11264,105.27701999999994
2016/08/22 07:00:00,100.64850000000001,100.933,100.215,100.328,101.06224999999999,102.92634,105.18507999999994
2016/08/23 07:00:00,100.328,99.998,100.001,100.196,100.85324999999999,102.6948,105.07625333333328
2016/08/24 07:00:00,100.196,100.606,100.097,100.4675,100.68715,102.45605999999997,104.95428666666663
2016/08/25 07:00:00,100.4675,100.617,100.304,100.543,100.61519999999999,102.18647999999999,104.84766666666663
2016/08/26 07:00:00,100.543,101.942,100.081,101.82749999999999,100.4767,101.96108,104.73437999999994
2016/08/29 07:00:00,101.93299999999999,102.391,101.839,101.8955,100.5286,101.79044,104.64365999999995
2016/08/30 07:00:00,101.8955,103.138,101.752,102.976,100.59129999999999,101.63276,104.54805999999995
2016/08/31 07:00:00,102.976,103.531,102.861,103.35650000000001,100.86134999999999,101.56230000000001,104.4659333333333
2016/09/01 07:00:00,103.35650000000001,103.999,103.065,103.23349999999999,101.17389999999999,101.48465999999999,104.37490666666663
2016/09/02 07:00:00,103.23349999999999,104.318,102.803,103.9365,101.50444999999999,101.40263999999998,104.2852533333333
2016/09/05 07:00:00,104.05850000000001,104.123,103.148,103.42949999999999,101.876,101.47623999999996,104.20274666666663
2016/09/06 07:00:00,103.42949999999999,103.805,101.93,102.09450000000001,102.18615,101.51885999999999,104.12541999999998
2016/09/07 07:00:00,102.09450000000001,102.13,101.205,101.71799999999999,102.37599999999999,101.56573999999999,104.02023333333328
2016/09/08 07:00:00,101.71799999999999,102.6,101.416,102.4,102.50104999999999,101.58376,103.90747999999996
2016/09/09 07:00:00,102.4,103.055,101.971,102.6885,102.68675,101.63284,103.80941999999996
2016/09/12 07:00:00,102.5685,102.665,101.57,101.9265,102.77284999999999,101.66852,103.70812666666664
2016/09/13 07:00:00,101.9265,102.747,101.425,102.55350000000001,102.77595,101.64886000000003,103.5852266666666
2016/09/14 07:00:00,102.55350000000001,103.357,102.255,102.34899999999999,102.7337,101.67672000000002,103.47611999999995
2016/09/15 07:00:00,102.34899999999999,102.754,101.944,102.0495,102.63294999999998,101.72320000000003,103.38126666666662
2016/09/16 07:00:00,102.0495,102.463,101.764,102.26750000000001,102.51455000000001,101.72806000000003,103.29057999999995
2016/09/19 07:00:00,102.2615,102.419,101.584,101.8495,102.34765,101.76642,103.23369999999998
2016/09/20 07:00:00,101.8495,102.064,101.543,101.73400000000001,102.18965,101.78966,103.15784666666664
2016/09/21 07:00:00,101.73400000000001,102.784,100.303,100.436,102.15360000000001,101.848,103.08322666666665
2016/09/22 07:00:00,100.436,100.93,100.097,100.793,102.02540000000002,101.85619999999999,102.99720666666666
2016/09/23 07:00:00,100.793,101.243,100.677,101.0145,101.86470000000001,101.8908,102.91499333333331
2016/09/26 07:00:00,101.017,101.078,100.249,100.309,101.69730000000001,101.92254000000001,102.83568666666665
2016/09/27 07:00:00,100.309,100.99,100.097,100.412,101.53555000000001,101.92178000000004,102.75809333333333
2016/09/28 07:00:00,100.412,100.819,100.265,100.725,101.32140000000001,101.93042,102.68335999999998
2016/09/29 07:00:00,100.725,101.84,100.703,101.1,101.15900000000002,101.94072,102.61314000000002
2016/09/30 07:00:00,101.1,101.763,100.749,101.3425,101.06405000000001,101.96299999999998,102.57012666666667
2016/10/03 07:00:00,101.3315,101.659,101.212,101.64,100.97155000000001,101.94359999999999,102.53239333333332
2016/10/04 07:00:00,101.64,102.968,101.609,102.903,100.95060000000001,101.93337999999999,102.50114666666666
2016/10/05 07:00:00,102.903,103.665,102.674,103.5265,101.06750000000001,101.93045999999998,102.47622000000001
2016/10/06 07:00:00,103.5265,104.159,103.348,103.977,101.37655,101.93725999999998,102.45908666666669
2016/10/07 07:00:00,103.977,103.994,102.86,102.91149999999999,101.69495,101.96699999999997,102.4240066666667
2016/10/10 07:00:00,103.1485,103.785,102.814,103.6455,101.88465000000001,101.92599999999997,102.43324666666669
2016/10/11 07:00:00,103.6455,104.071,103.175,103.561,102.21829999999999,101.93464,102.45652000000001
2016/10/12 07:00:00,103.561,104.481,103.284,104.24549999999999,102.53320000000001,101.99330000000002,102.46779333333335
2016/10/13 07:00:00,104.24549999999999,104.634,103.335,103.66749999999999,102.88525,102.09440000000001,102.48566666666667
2016/10/14 07:00:00,103.66749999999999,104.477,103.611,104.1685,103.14200000000001,102.14510000000001,102.49060666666666
2016/10/17 07:00:00,104.32900000000001,104.372,103.792,103.892,103.42460000000001,102.2043,102.51258
2016/10/18 07:00:00,103.892,104.199,103.683,103.876,103.6498,102.28292000000002,102.53065333333333
2016/10/19 07:00:00,103.876,103.948,103.171,103.39,103.7471,102.33582000000003,102.55940666666666
2016/10/20 07:00:00,103.39,104.103,103.345,103.97149999999999,103.73345000000002,102.37746000000001,102.58616000000002
2016/10/21 07:00:00,103.97149999999999,104.203,103.526,103.82749999999999,103.7329,102.45434000000002,102.62894666666666
2016/10/24 07:00:00,103.849,104.32,103.722,104.22999999999999,103.82449999999999,102.51674000000001,102.67265333333334
2016/10/25 07:00:00,104.22999999999999,104.874,104.118,104.215,103.88294999999998,102.61196,102.69211333333332
2016/10/26 07:00:00,104.215,104.619,104.025,104.48349999999999,103.94835,102.7112,102.68492666666667
2016/10/27 07:00:00,104.48349999999999,105.349,104.299,105.2425,103.97214999999998,102.8731,102.68640666666667
2016/10/28 07:00:00,105.2425,105.531,104.457,104.7225,104.12965000000001,103.05108,102.68484000000001
2016/10/31 07:00:00,104.559,105.229,104.527,104.77449999999999,104.18505000000002,103.19939999999998,102.68276
2016/11/01 07:00:00,104.77449999999999,105.114,103.8,104.07,104.27330000000002,103.37801999999998,102.66486666666668
2016/11/02 07:00:00,104.07,104.167,103.021,103.33949999999999,104.29270000000001,103.52434,102.63694000000001
2016/11/03 07:00:00,103.33949999999999,103.443,102.564,102.971,104.28765000000001,103.62892,102.58537333333334
2016/11/04 07:00:00,102.971,103.355,102.832,103.11349999999999,104.1876,103.70376,102.54261333333334
2016/11/07 07:00:00,104.122,104.63,103.752,104.4965,104.1162,103.7746,102.50288000000002
2016/11/08 07:00:00,104.464,105.194,104.301,105.163,104.14285,103.88886000000002,102.485
2016/11/09 07:00:00,105.163,105.888,101.194,105.67099999999999,104.23764999999999,103.97926000000001,102.49067333333333
2016/11/10 07:00:00,105.67099999999999,106.947,104.97,106.831,104.35640000000001,104.06504,102.49565333333334
2016/11/11 07:00:00,106.831,106.935,106.037,106.6585,104.51525,104.1792,102.51628000000001
2016/11/14 07:00:00,106.885,108.542,106.737,108.43,104.70884999999998,104.32908000000002,102.57710666666668
2016/11/15 07:00:00,108.43,109.338,107.772,109.205,105.0744,104.52045999999999,102.65798666666669
2016/11/16 07:00:00,109.205,109.756,108.798,109.0765,105.58789999999999,104.74622,102.76841999999999
2016/11/17 07:00:00,109.0765,110.179,108.556,110.12,106.16159999999999,104.93946,102.87254000000001
2016/11/18 07:00:00,110.12,110.95,109.804,110.9015,106.8765,105.19756,102.99183333333335
2016/11/21 07:00:00,110.92750000000001,111.363,110.458,110.8215,107.65530000000001,105.46688,103.11323333333334
2016/11/22 07:00:00,110.8215,111.358,110.272,111.138,108.28780000000002,105.74405999999999,103.22528000000001
2016/11/23 07:00:00,111.138,112.974,110.856,112.507,108.8853,106.03453999999999,103.34902666666667
2016/11/24 07:00:00,112.507,113.533,112.4,113.332,109.56890000000001,106.39921999999999,103.49996
2016/11/25 07:00:00,113.332,113.899,112.557,113.2425,110.21900000000001,106.77363999999997,103.65201333333331
2016/11/28 07:00:00,112.804,112.972,111.361,111.944,110.8774,107.15023999999998,103.81113333333333
2016/11/29 07:00:00,111.944,113.336,111.622,112.38,111.2288,107.45879999999997,103.95347333333333
2016/11/30 07:00:00,112.38,114.537,112.058,114.45599999999999,111.54629999999997,107.78539999999997,104.11486666666667
2016/12/01 07:00:00,114.45599999999999,114.831,113.838,114.0925,112.08425,108.18429999999998,104.30453333333335
2016/12/02 07:00:00,114.0925,114.206,113.33,113.51150000000001,112.48150000000001,108.53829999999999,104.49339333333334
2016/12/05 07:00:00,113.311,114.775,112.911,113.8485,112.74249999999999,108.88985999999998,104.67060000000001
2016/12/06 07:00:00,113.8485,114.188,113.502,114.0095,113.0452,109.25281999999999,104.85087333333335
2016/12/07 07:00:00,114.0095,114.4,113.413,113.77199999999999,113.33234999999999,109.65040000000003,105.03505333333335
2016/12/08 07:00:00,113.77199999999999,114.374,113.131,114.035,113.45885000000001,110.0677,105.21244666666668
2016/12/09 07:00:00,114.035,115.37,114.011,115.3245,113.52915000000003,110.51026,105.39234000000002
2016/12/12 07:00:00,115.418,116.117,114.859,115.023,113.73735000000002,110.99870000000001,105.5723
2016/12/13 07:00:00,115.023,115.475,114.746,115.1845,114.04524999999998,111.41976000000001,105.74733333333334
2016/12/14 07:00:00,115.1845,117.394,114.774,117.042,114.32570000000001,111.82062,105.91011333333334
2016/12/15 07:00:00,117.042,118.665,117.013,118.175,114.58429999999998,112.27546000000001,106.09258666666669
2016/12/16 07:00:00,118.175,118.425,117.462,117.92349999999999,114.99254999999998,112.72922,106.29180666666669
2016/12/19 07:00:00,117.961,117.968,116.546,117.0955,115.43375,113.17982,106.47829999999999
2016/12/20 07:00:00,117.0955,118.241,116.988,117.85499999999999,115.75845,113.52644000000001,106.66051333333336
2016/12/21 07:00:00,117.85499999999999,118.069,117.111,117.55699999999999,116.14299999999999,113.87243999999998,106.87065333333335
2016/12/22 07:00:00,117.55699999999999,117.876,117.275,117.539,116.52149999999999,114.21166,107.08184000000001
2016/12/23 07:00:00,117.539,117.595,117.177,117.32149999999999,116.87189999999998,114.50842,107.28369333333335
2016/12/26 07:00:00,117.35,117.356,117.009,117.117,117.07160000000002,114.76521999999999,107.4788
2016/12/27 07:00:00,117.106,117.619,117.081,117.42500000000001,117.28099999999999,115.01704,107.68134000000002
2016/12/28 07:00:00,117.42500000000001,117.814,117.056,117.2575,117.50505000000001,115.26852000000001,107.87962666666668
2016/12/29 07:00:00,117.2575,117.241,116.235,116.536,117.52659999999999,115.45854000000001,108.07840666666668
2016/12/30 07:00:00,116.536,117.195,116.048,116.98750000000001,117.36269999999999,115.58670000000002,108.27156000000001
2017/01/03 07:00:00,117.523,118.607,117.208,117.75399999999999,117.26909999999998,115.73650000000004,108.46782666666667
2017/01/04 07:00:00,117.75399999999999,118.184,117.057,117.24350000000001,117.33494999999998,115.96890000000002,108.67988666666666
2017/01/05 07:00:00,117.24350000000001,117.43,115.216,115.357,117.27380000000001,116.16344000000002,108.88668
2017/01/06 07:00:00,115.357,117.178,115.074,116.98349999999999,117.0538,116.19948000000002,109.08562666666666
2017/01/09 07:00:00,117.0205,117.533,115.97,116.0305,116.99825000000001,116.31512,109.30149999999999
2017/01/10 07:00:00,116.0305,116.344,115.201,115.7705,116.86915000000002,116.41588,109.50171333333334
2017/01/11 07:00:00,115.7705,116.859,114.245,115.415,116.73450000000003,116.49275999999998,109.70786666666667
2017/01/12 07:00:00,115.415,115.511,113.762,114.71000000000001,116.53349999999998,116.54897999999997,109.90790666666668
2017/01/13 07:00:00,114.71000000000001,115.441,114.217,114.5135,116.27874999999999,116.58649999999997,110.09437333333332
2017/01/16 07:00:00,114.3435,114.47,113.655,114.1945,116.07649999999998,116.60563999999997,110.27322
2017/01/17 07:00:00,114.1945,114.284,112.612,112.62,115.7972,116.56044,110.44458000000002
2017/01/18 07:00:00,112.62,114.768,112.579,114.64500000000001,115.28380000000001,116.46431999999999,110.59098
2017/01/19 07:00:00,114.64500000000001,115.624,114.404,114.86500000000001,115.02395000000001,116.44274,110.74753999999999
2017/01/20 07:00:00,114.86500000000001,115.385,114.214,114.60249999999999,114.97475000000001,116.35565999999999,110.89871999999995
2017/01/23 07:00:00,114.283,114.431,112.702,112.7125,114.73665000000001,116.21276000000002,111.04039333333331
2017/01/24 07:00:00,112.7125,113.894,112.526,113.78999999999999,114.40485000000001,116.00431999999999,111.17107333333331
2017/01/25 07:00:00,113.78999999999999,113.991,113.04,113.2815,114.2068,115.8721,111.30633333333334
2017/01/26 07:00:00,113.2815,114.857,113.055,114.523,113.99345000000001,115.68915999999999,111.43593999999997
2017/01/27 07:00:00,114.523,115.374,114.395,115.08850000000001,113.97474999999997,115.5678,111.57297333333331
2017/01/30 07:00:00,114.74950000000001,114.952,113.456,113.77799999999999,114.03225,115.46978000000001,111.72525333333331
2017/01/31 07:00:00,113.77799999999999,113.965,112.083,112.80199999999999,113.9906,115.32804,111.85338000000002
2017/02/01 07:00:00,112.80199999999999,113.952,112.646,113.2495,114.0088,115.15544000000001,111.97217999999998
2017/02/02 07:00:00,113.2495,113.365,112.055,112.8,113.86925,114.98841999999999,112.09716
2017/02/03 07:00:00,112.8,113.455,112.319,112.5865,113.66275,114.81012000000001,112.22262666666664
2017/02/06 07:00:00,112.476,112.776,111.626,111.744,113.46115,114.65213999999997,112.33749333333331
2017/02/07 07:00:00,111.744,112.577,111.596,112.3885,113.3643,114.44239999999999,112.44304666666663
2017/02/08 07:00:00,112.3885,112.544,111.632,111.9365,113.22415000000001,114.22778,112.55182666666663
2017/02/09 07:00:00,111.9365,113.349,111.745,113.249,113.08965,114.01550000000002,112.65477999999997
2017/02/10 07:00:00,113.249,113.856,112.863,113.21350000000001,112.96225,113.93118,112.7716533333333
2017/02/13 07:00:00,113.554,114.169,113.438,113.738,112.77475000000001,113.78037999999998,112.8779333333333
2017/02/14 07:00:00,113.738,114.502,113.251,114.2565,112.77075000000002,113.68867999999996,112.99813999999996
2017/02/15 07:00:00,114.2565,114.957,113.873,114.159,112.9162,113.62811999999997,113.12456666666662
2017/02/16 07:00:00,114.159,114.307,113.084,113.23949999999999,113.00715000000002,113.57787999999995,113.25908666666663
2017/02/17 07:00:00,113.23949999999999,113.5,112.621,112.8015,113.05109999999999,113.51905999999997,113.39108666666665
2017/02/20 07:00:00,112.886,113.238,112.798,113.102,113.07260000000001,113.45057999999997,113.52215999999999
2017/02/21 07:00:00,113.102,113.778,113.094,113.686,113.20840000000001,113.40687999999999,113.65534
2017/02/22 07:00:00,113.686,113.729,112.911,113.305,113.33815,113.44951999999999,113.77786666666664
2017/02/23 07:00:00,113.305,113.456,112.553,112.61500000000001,113.47500000000002,113.39592,113.88642666666667
2017/02/24 07:00:00,112.61500000000001,112.952,111.939,112.1275,113.41159999999999,113.30592,113.9790133333333
2017/02/27 07:00:00,112.1575,112.84,111.924,112.703,113.30300000000003,113.20692000000001,114.0496333333333
2017/02/28 07:00:00,112.703,112.892,111.693,112.77850000000001,113.19950000000001,113.20653999999999,114.13022666666664
2017/03/01 07:00:00,112.77850000000001,114.047,112.759,113.726,113.05170000000003,113.16608000000002,114.18820666666666
2017/03/02 07:00:00,113.726,114.59,113.69,114.40950000000001,113.00840000000001,113.18386000000002,114.24848666666665
2017/03/03 07:00:00,114.40950000000001,114.74,113.817,114.02250000000001,113.12540000000001,113.17932000000002,114.31959333333333
2017/03/06 07:00:00,113.926,114.138,113.563,113.8905,113.24749999999999,113.13668000000003,114.37162666666663
2017/03/07 07:00:00,113.8905,114.151,113.731,113.9795,113.32635,113.14118000000002,114.41147999999997
2017/03/08 07:00:00,113.9795,114.755,113.613,114.36,113.3557,113.18828000000002,114.45358666666662
2017/03/09 07:00:00,114.36,115,114.344,114.9505,113.4612,113.23270000000002,114.49654666666662
2017/03/10 07:00:00,114.9505,115.506,114.658,114.7775,113.69475,113.31872000000001,114.52912666666666
2017/03/13 07:00:00,114.771,114.92,114.484,114.8475,113.95974999999999,113.40636000000002,114.54840000000002
2017/03/14 07:00:00,114.8475,115.194,114.522,114.743,114.17420000000001,113.53049999999999,114.5698
2017/03/15 07:00:00,114.743,114.883,113.179,113.4675,114.37065,113.62468000000001,114.60712
2017/03/16 07:00:00,113.4675,113.548,112.909,113.3005,114.3448,113.68592000000002,114.62162
2017/03/17 07:00:00,113.3005,113.492,112.567,112.68950000000001,114.23390000000002,113.68797999999998,114.60621333333334
2017/03/20 07:00:00,112.642,112.898,112.458,112.50049999999999,114.10060000000001,113.66702,114.58750666666664
2017/03/21 07:00:00,112.50049999999999,112.866,111.546,111.78550000000001,113.9616,113.61752,114.57402666666667
2017/03/22 07:00:00,111.78550000000001,111.798,110.735,111.2645,113.7422,113.51868,114.54651999999997
2017/03/23 07:00:00,111.2645,111.581,110.63,110.9805,113.43265000000001,113.4029,114.50991999999997
2017/03/24 07:00:00,110.9805,111.483,110.626,111.3495,113.03564999999999,113.31253999999998,114.47269999999997
2017/03/27 07:00:00,110.943,111,110.113,110.63749999999999,112.69284999999999,113.25445999999997,114.4368933333333
2017/03/28 07:00:00,110.63749999999999,111.201,110.181,111.069,112.27185,113.15588,114.3744
2017/03/29 07:00:00,111.069,111.315,110.719,111.0095,111.90445,113.05119999999997,114.32168
2017/03/30 07:00:00,111.0095,111.944,110.943,111.8435,111.65865,112.95938,114.26601333333332
2017/03/31 07:00:00,111.8435,112.194,111.244,111.3895,111.51295,112.92851999999998,114.1967
2017/04/03 07:00:00,111.39500000000001,111.588,110.85,110.8535,111.38295000000001,112.89899999999997,114.10622666666667
2017/04/04 07:00:00,110.8535,110.898,110.269,110.697,111.21824999999998,112.82502000000001,114.01195999999999
2017/04/05 07:00:00,110.697,111.455,110.461,110.51050000000001,111.10940000000001,112.74176,113.92664666666666
2017/04/06 07:00:00,110.51050000000001,111.138,110.292,110.844,111.03399999999999,112.61314,113.82872
2017/04/07 07:00:00,110.844,111.365,110.135,111.0625,111.02035000000001,112.47052000000002,113.73921333333334
2017/04/10 07:00:00,111.07849999999999,111.578,110.808,110.86449999999999,110.99165,112.35212000000001,113.65286
2017/04/11 07:00:00,110.86449999999999,110.888,109.54,109.608,111.01435,112.23108,113.56676666666667
2017/04/12 07:00:00,109.608,109.866,108.918,108.98949999999999,110.86825000000002,112.05622000000001,113.46664666666669
2017/04/13 07:00:00,108.98949999999999,109.393,108.729,109.1505,110.66624999999999,111.84140000000004,113.35417333333334
2017/04/14 07:00:00,109.1505,109.225,108.553,108.61250000000001,110.39695000000002,111.60940000000002,113.24608
2017/04/17 07:00:00,108.727,109.078,108.136,109.01849999999999,110.11925000000001,111.36280000000002,113.14043333333335
2017/04/18 07:00:00,109.01849999999999,109.221,108.322,108.447,109.93575000000001,111.12964000000005,113.03418
2017/04/19 07:00:00,108.447,109.18,108.385,108.85249999999999,109.71075,110.87780000000004,112.91008666666669
2017/04/20 07:00:00,108.85249999999999,109.489,108.721,109.2875,109.54495,110.69320000000003,112.79820666666669
2017/04/21 07:00:00,109.2875,109.424,108.885,109.1565,109.38929999999998,110.53268000000001,112.71728000000003
2017/04/24 07:00:00,110.271,110.349,109.662,109.7895,109.19869999999999,110.39136000000002,112.61292000000002
2017/04/25 07:00:00,109.7895,111.188,109.6,111.084,109.0912,110.28291999999999,112.52970666666668
2017/04/26 07:00:00,111.084,111.779,110.874,111.10249999999999,109.2388,110.25486,112.46722000000004
2017/04/27 07:00:00,111.10249999999999,111.6,111.043,111.2575,109.45009999999999,110.24837999999995,112.40972000000004
2017/04/28 07:00:00,111.2575,111.72,111.072,111.4735,109.66079999999997,110.25945999999998,112.3636866666667
2017/05/01 07:00:00,111.423,111.93,111.21,111.851,109.94689999999999,110.26441999999997,112.32315333333335
2017/05/02 07:00:00,111.851,112.305,111.782,112.0205,110.23015000000001,110.31295999999999,112.29190666666669
2017/05/03 07:00:00,112.0205,112.778,111.964,112.66650000000001,110.5875,110.35101999999999,112.28391333333336
2017/05/04 07:00:00,112.66650000000001,113.05,112.32,112.539,110.9689,110.4173,112.25753333333337
2017/05/05 07:00:00,112.539,112.803,112.091,112.7185,111.29405,110.44512000000003,112.22652000000002
2017/05/08 07:00:00,112.875,113.295,112.399,113.2705,111.65025,110.49828000000001,112.20140000000005
2017/05/09 07:00:00,113.2705,114.33,113.136,113.978,111.99835,110.59496000000001,112.20884000000002
2017/05/10 07:00:00,113.978,114.369,113.632,114.28550000000001,112.28774999999999,110.7262,112.21134666666667
2017/05/11 07:00:00,114.28550000000001,114.369,113.462,113.824,112.60604999999998,110.87720000000002,112.22473333333333
2017/05/12 07:00:00,113.824,113.952,113.2,113.3425,112.86269999999999,110.99640000000001,112.21541333333334
2017/05/15 07:00:00,113.236,113.851,113.203,113.6,113.04959999999998,111.08760000000002,112.19213333333336
2017/05/16 07:00:00,113.6,113.771,112.934,113.1045,113.22449999999999,111.19702000000001,112.18975999999999
2017/05/17 07:00:00,113.1045,113.106,110.545,110.725,113.3329,111.33688000000001,112.1937933333333
2017/05/18 07:00:00,110.725,111.737,110.238,111.5685,113.13875,111.40630000000002,112.16013333333333
2017/05/19 07:00:00,111.5685,111.699,111.047,111.25450000000001,113.04170000000002,111.50301999999999,112.14371333333331
2017/05/22 07:00:00,111.18,111.607,110.934,111.2935,112.89529999999999,111.60869999999998,112.12595333333336
2017/05/23 07:00:00,111.2935,111.858,110.864,111.814,112.69760000000001,111.6997,112.11994666666665
2017/05/24 07:00:00,111.814,112.129,111.483,111.5675,112.48120000000002,111.83438,112.11228666666668
2017/05/25 07:00:00,111.5675,111.953,111.514,111.833,112.2094,111.94298,112.10736666666664
2017/05/26 07:00:00,111.833,111.847,110.879,111.34649999999999,112.0103,112.0448,112.08848666666665
2017/05/29 07:00:00,111.2775,111.469,111.181,111.27449999999999,111.8107,112.1324,112.06359333333332
2017/05/30 07:00:00,111.27449999999999,111.297,110.669,110.85249999999999,111.57815000000001,112.1918,112.03074666666664
2017/05/31 07:00:00,110.85249999999999,111.216,110.488,110.84549999999999,111.35294999999999,112.18253999999999,111.98535999999997
2017/06/01 07:00:00,110.84549999999999,111.482,110.717,111.3715,111.36499999999998,112.17226,111.94117999999997
2017/06/02 07:00:00,111.3715,111.711,110.334,110.39949999999999,111.3453,112.17682,111.91627333333331
2017/06/05 07:00:00,110.465,110.729,110.313,110.5075,111.2598,112.13386,111.88424666666664
2017/06/06 07:00:00,110.5075,110.509,109.227,109.363,111.18119999999999,112.08012000000001,111.84965333333334
2017/06/07 07:00:00,109.363,109.882,109.116,109.7945,110.93609999999998,111.97382000000002,111.79201333333333
2017/06/08 07:00:00,109.7945,110.386,109.383,109.92949999999999,110.7588,111.85894000000002,111.74520666666666
2017/06/09 07:00:00,109.92949999999999,110.807,109.819,110.31649999999999,110.56844999999998,111.75456000000003,111.70940000000002
2017/06/12 07:00:00,110.40350000000001,110.442,109.635,109.904,110.46544999999999,111.65848000000001,111.68525333333334
2017/06/13 07:00:00,109.904,110.268,109.828,110.0815,110.32840000000002,111.52382,111.64793333333336
2017/06/14 07:00:00,110.0815,110.343,108.848,109.67150000000001,110.25129999999999,111.36795999999998,111.61197333333335
2017/06/15 07:00:00,109.67150000000001,110.978,109.271,110.887,110.1339,111.18339999999998,111.55791333333335
2017/06/16 07:00:00,110.887,111.418,110.649,110.8715,110.08545,111.06592,111.51094666666671
2017/06/19 07:00:00,110.832,111.6,110.797,111.56549999999999,110.13264999999998,110.96707999999998,111.46893333333335
2017/06/20 07:00:00,111.56549999999999,111.788,111.309,111.45249999999999,110.23844999999999,110.88570000000001,111.43793333333338
2017/06/21 07:00:00,111.45249999999999,111.74,111.069,111.42500000000001,110.44739999999997,110.81962,111.40424000000002
2017/06/22 07:00:00,111.42500000000001,111.445,110.951,111.28550000000001,110.61044999999999,110.84762,111.36510666666669
2017/06/23 07:00:00,111.28550000000001,111.43,111.154,111.2815,110.74605,110.83630000000001,111.31624000000001
2017/06/26 07:00:00,111.267,111.941,111.203,111.8615,110.84255,110.83738000000001,111.26962666666671
2017/06/27 07:00:00,111.8615,112.466,111.464,112.2775,111.0383,110.8601,111.2298133333334
2017/06/28 07:00:00,112.2775,112.414,111.835,112.28550000000001,111.25789999999999,110.87863999999999,111.19694000000005
2017/06/29 07:00:00,112.28550000000001,112.927,111.815,112.12950000000001,111.5193,110.90735999999998,111.18118000000003
2017/06/30 07:00:00,112.12950000000001,112.599,111.736,112.4025,111.64355,110.91921999999998,111.1655666666667
2017/07/03 07:00:00,112.221,113.472,112.199,113.3965,111.79665,110.96146,111.16174000000004
2017/07/04 07:00:00,113.3965,113.41,112.746,113.3115,111.97975000000001,111.04633999999999,111.17368666666671
2017/07/05 07:00:00,113.3115,113.684,112.826,113.1945,112.16565,111.1447,111.19403333333338
2017/07/06 07:00:00,113.1945,113.467,112.888,113.1805,112.34260000000002,111.23865999999998,111.21976666666671
2017/07/07 07:00:00,113.1805,114.179,113.106,113.90549999999999,112.53210000000001,111.31101999999997,111.24910000000006
2017/07/10 07:00:00,114.03550000000001,114.301,113.912,114.06450000000001,112.79450000000001,111.45125999999996,111.28318000000002
2017/07/11 07:00:00,114.06450000000001,114.494,113.72,113.9615,113.01480000000001,111.59353999999998,111.32887333333338
2017/07/12 07:00:00,113.9615,113.966,112.931,113.19149999999999,113.18319999999999,111.77747999999995,111.36744000000002
2017/07/13 07:00:00,113.19149999999999,113.526,112.86,113.29150000000001,113.27380000000001,111.91335999999997,111.39653333333335
2017/07/14 07:00:00,113.29150000000001,113.574,112.27,112.53649999999999,113.39000000000001,112.04783999999997,111.41584000000003
2017/07/17 07:00:00,112.4805,112.866,112.329,112.63749999999999,113.4034,112.13663999999999,111.43113333333336
2017/07/18 07:00:00,112.63749999999999,112.662,111.688,112.063,113.32750000000001,112.24597999999997,111.45492000000003
2017/07/19 07:00:00,112.063,112.234,111.557,111.89,113.20265000000002,112.32524,111.47313333333337
2017/07/20 07:00:00,111.89,112.418,111.485,111.84649999999999,113.0722,112.41398,111.49152666666669
2017/07/21 07:00:00,111.84649999999999,112.078,111.016,111.1335,112.93879999999999,112.45235999999998,111.50489333333336
2017/07/24 07:00:00,111.1645,111.319,110.622,111.18350000000001,112.66159999999999,112.46284,111.50584000000005
2017/07/25 07:00:00,111.18350000000001,111.958,110.829,111.8735,112.3735,112.44756,111.51009333333337
2017/07/26 07:00:00,111.8735,112.185,111.061,111.12450000000001,112.1647,112.46440000000001,111.54030000000002
2017/07/27 07:00:00,111.12450000000001,111.71,110.783,111.322,111.958,112.45237999999999,111.56876666666668
2017/07/28 07:00:00,111.322,111.314,110.55,110.7175,111.76105,112.45384000000001,111.59772000000002
2017/07/31 07:00:00,110.6585,110.771,110.214,110.2575,111.57915,112.43128000000003,111.62578666666668
2017/08/01 07:00:00,110.2575,110.585,109.929,110.378,111.34115,112.36712000000003,111.6423066666667
2017/08/02 07:00:00,110.378,110.984,110.289,110.73849999999999,111.17265,112.29114000000003,111.66805333333338
2017/08/03 07:00:00,110.73849999999999,110.825,109.858,109.97749999999999,111.0575,112.22926000000002,111.69319999999999
2017/08/04 07:00:00,109.97749999999999,111.049,109.85,110.7005,110.87060000000001,112.14318000000003,111.7024
2017/08/07 07:00:00,110.756,110.921,110.646,110.76849999999999,110.8273,112.07510000000003,111.7229866666667
2017/08/08 07:00:00,110.76849999999999,110.829,110.251,110.32,110.78580000000002,111.96998000000004,111.73604000000002
2017/08/09 07:00:00,110.32,110.318,109.562,109.92850000000001,110.63045,111.85032000000002,111.72585333333333
2017/08/10 07:00:00,109.92850000000001,110.18,109.116,109.1465,110.51085,111.71968000000001,111.71020000000001
2017/08/11 07:00:00,109.1465,109.4,108.751,109.20349999999999,110.2933,111.55832000000001,111.68205333333336
2017/08/14 07:00:00,109.092,109.799,109.104,109.6165,110.1419,111.37024000000001,111.65178666666667
2017/08/15 07:00:00,109.6165,110.847,109.61,110.5815,110.0778,111.19232000000002,111.62199333333332
2017/08/16 07:00:00,110.5815,110.95,110.031,110.1225,110.09814999999999,111.05712,111.60280666666665
2017/08/17 07:00:00,110.1225,110.367,109.429,109.4375,110.03654999999999,110.93436,111.56888666666666
2017/08/18 07:00:00,109.4375,109.596,108.603,109.2105,109.98254999999999,110.78019999999998,111.52753333333334
2017/08/21 07:00:00,109.279,109.423,108.637,108.94649999999999,109.83354999999999,110.64715999999999,111.48075999999999
2017/08/22 07:00:00,108.94649999999999,109.655,108.898,109.5875,109.65134999999998,110.49951999999999,111.42310666666667
2017/08/23 07:00:00,109.5875,109.822,108.921,108.953,109.57809999999999,110.4005,111.36456666666665
2017/08/24 07:00:00,108.953,109.603,108.85,109.56049999999999,109.48055,110.28302000000002,111.29346666666667
2017/08/25 07:00:00,109.56049999999999,109.846,109.115,109.3605,109.52194999999999,110.19158000000002,111.23661999999999
2017/08/28 07:00:00,109.251,109.411,108.749,108.79249999999999,109.53765000000001,110.12066000000003,111.18352666666668
2017/08/29 07:00:00,108.79249999999999,109.898,108.27,109.637,109.45525,110.02502000000003,111.11942666666667
2017/08/30 07:00:00,109.637,110.439,109.543,110.23750000000001,109.3608,109.93556000000001,111.07319333333334
2017/08/31 07:00:00,110.23750000000001,110.67,109.883,109.947,109.3723,109.90008000000002,111.06669333333332
2017/09/01 07:00:00,109.947,110.472,109.564,110.25550000000001,109.42325000000001,109.84508000000001,111.04507333333332
2017/09/04 07:00:00,109.651,109.93,109.385,109.69200000000001,109.52775,109.82660000000004,111.0317533333333
2017/09/05 07:00:00,109.69200000000001,109.833,108.633,108.743,109.60230000000001,109.80398000000002,111.01039999999999
2017/09/06 07:00:00,108.743,109.396,108.454,109.2465,109.51785,109.73858000000001,110.96945333333329
2017/09/07 07:00:00,109.2465,109.264,108.052,108.3895,109.5472,109.67890000000003,110.93850666666663
2017/09/08 07:00:00,108.3895,108.486,107.324,107.83449999999999,109.4301,109.61538,110.89259333333331
2017/09/11 07:00:00,108.241,109.507,108.167,109.3735,109.27749999999999,109.50074000000001,110.84576666666665
2017/09/12 07:00:00,109.3735,110.252,109.241,110.16050000000001,109.33559999999997,109.44494,110.82041999999997
2017/09/13 07:00:00,110.16050000000001,110.691,109.905,110.50049999999999,109.38795,109.43855999999998,110.8111933333333
2017/09/14 07:00:00,110.50049999999999,111.035,110.071,110.238,109.41425,109.46144000000002,110.80659333333332
2017/09/15 07:00:00,110.238,111.333,109.571,110.83250000000001,109.44335000000001,109.50509999999998,110.79147999999996
2017/09/18 07:00:00,111.137,111.663,110.999,111.555,109.50105,109.57026,110.7972533333333
2017/09/19 07:00:00,111.555,111.881,111.209,111.574,109.68735,109.64779999999999,110.81121999999998
2017/09/20 07:00:00,111.574,112.531,111.104,112.29750000000001,109.97045,109.68749999999999,110.8407
2017/09/21 07:00:00,112.29750000000001,112.716,112.136,112.41050000000001,110.27555,109.77449999999999,110.87407333333334
2017/09/22 07:00:00,112.41050000000001,112.553,111.653,111.98249999999999,110.67765,109.89341999999999,110.90715333333334
2017/09/25 07:00:00,112.175,112.526,111.477,111.72049999999999,111.09245000000001,110.00429999999999,110.92936666666668
2017/09/26 07:00:00,111.72049999999999,112.474,111.498,112.24549999999999,111.32714999999999,110.11525999999999,110.95358666666667
2017/09/27 07:00:00,112.24549999999999,113.252,112.235,112.8135,111.53565,110.22157999999999,110.98244000000001
2017/09/28 07:00:00,112.8135,113.205,112.257,112.314,111.76695,110.376,111.02433333333335
2017/09/29 07:00:00,112.314,112.732,112.218,112.53550000000001,111.97455,110.48613999999999,111.04336
2017/10/02 07:00:00,112.517,113.06,112.52,112.719,112.14484999999999,110.61314,111.06554666666668
2017/10/03 07:00:00,112.719,113.193,112.665,112.89150000000001,112.26124999999999,110.7702,111.08092666666668
2017/10/04 07:00:00,112.89150000000001,112.94,112.323,112.795,112.393,110.90038000000003,111.10011333333335
2017/10/05 07:00:00,112.795,112.916,112.414,112.79050000000001,112.44275,111.00268000000001,111.11838000000003
2017/10/06 07:00:00,112.79050000000001,113.438,112.61,112.6225,112.48074999999999,111.11642000000002,111.1384466666667
2017/10/09 07:00:00,112.66550000000001,112.746,112.331,112.66050000000001,112.54474999999998,111.21110000000003,111.1563266666667
2017/10/10 07:00:00,112.66050000000001,112.825,111.992,112.37549999999999,112.63874999999999,111.32984,111.16698000000004
2017/10/11 07:00:00,112.37549999999999,112.586,112.08,112.5075,112.65174999999999,111.47514000000001,111.1682866666667
2017/10/12 07:00:00,112.5075,112.52,112.127,112.27950000000001,112.62114999999999,111.60558,111.17124666666668
2017/10/13 07:00:00,112.27950000000001,112.305,111.687,111.81450000000001,112.61770000000001,111.76118000000001,111.1732466666667
2017/10/16 07:00:00,111.894,112.286,111.654,112.1465,112.54560000000001,111.92038000000001,111.1654066666667
2017/10/17 07:00:00,112.1465,112.479,112.037,112.1945,112.48835000000001,112.03130000000002,111.14874000000003
2017/10/18 07:00:00,112.1945,113.049,112.137,112.9615,112.41865000000003,112.11266000000002,111.1338466666667
2017/10/19 07:00:00,112.9615,113.146,112.295,112.5695,112.43530000000001,112.2111,111.13074
2017/10/20 07:00:00,112.5695,113.57,112.516,113.52449999999999,112.4132,112.30436,111.12259333333336
2017/10/23 07:00:00,113.84049999999999,114.1,113.245,113.4785,112.50340000000001,112.41203999999998,111.11751333333336
2017/10/24 07:00:00,113.4785,114.022,113.249,113.9265,112.58519999999999,112.48898000000001,111.10970000000002
2017/10/25 07:00:00,113.9265,114.243,113.484,113.68350000000001,112.7403,112.58308000000001,111.10923333333335
2017/10/26 07:00:00,113.68350000000001,114.077,113.345,114.01849999999999,112.85790000000001,112.63852000000001,111.11579333333334
2017/10/27 07:00:00,114.01849999999999,114.451,113.647,113.67949999999999,113.0318,112.70284000000001,111.12548666666669
2017/10/30 07:00:00,113.722,113.835,113.024,113.16749999999999,113.2183,112.77072000000003,111.14072666666667
2017/10/31 07:00:00,113.16749999999999,113.732,112.959,113.656,113.32039999999999,112.82860000000002,111.14779333333334
2017/11/01 07:00:00,113.656,114.279,113.606,114.1265,113.46655000000001,112.88502000000003,111.16903333333336
2017/11/02 07:00:00,114.1265,114.216,113.539,114.07849999999999,113.58305,112.93754000000001,111.19885333333336
2017/11/03 07:00:00,114.07849999999999,114.429,113.637,114.07149999999999,113.73394999999998,113.00812000000002,111.22861333333334
2017/11/06 07:00:00,114.023,114.734,113.7,113.7045,113.78864999999999,113.06956000000002,111.2677866666667
2017/11/07 07:00:00,113.7045,114.341,113.704,114.00450000000001,113.81125,113.10898000000002,111.3014
2017/11/08 07:00:00,114.00450000000001,114.024,113.393,113.8735,113.81904999999999,113.15349999999998,111.32981333333335
2017/11/09 07:00:00,113.8735,114.067,113.096,113.46549999999999,113.83805,113.19664,111.36646666666665
2017/11/10 07:00:00,113.46549999999999,113.637,113.223,113.53049999999999,113.78275,113.22363999999999,111.39504666666666
2017/11/13 07:00:00,113.505,113.715,113.247,113.62450000000001,113.76785,113.25995999999999,111.43255333333335
2017/11/14 07:00:00,113.62450000000001,113.911,113.31,113.45249999999999,113.81354999999999,113.29851999999997,111.47744666666668
2017/11/15 07:00:00,113.45249999999999,113.496,112.484,112.8765,113.79319999999998,113.34159999999999,111.51844
2017/11/16 07:00:00,112.8765,113.327,112.736,113.049,113.6682,113.35635999999998,111.54694666666667
2017/11/17 07:00:00,113.049,113.144,111.945,112.1265,113.56524999999999,113.38713999999999,111.5879
2017/11/20 07:00:00,112.142,112.719,111.887,112.6215,113.37075,113.39961999999997,111.60691333333334
2017/11/21 07:00:00,112.6215,112.703,112.176,112.44800000000001,113.26244999999999,113.41861999999999,111.63161999999997
2017/11/22 07:00:00,112.44800000000001,112.492,111.143,111.2165,113.10679999999999,113.42876,111.65999333333333
2017/11/23 07:00:00,111.2165,111.379,111.068,111.217,112.84109999999998,113.35895999999998,111.67716666666666
2017/11/24 07:00:00,111.217,111.621,111.199,111.52250000000001,112.61625,113.30485999999999,111.70477333333334
2017/11/27 07:00:00,111.52000000000001,111.692,110.844,111.094,112.41544999999999,113.22478000000001,111.73569333333333
2017/11/28 07:00:00,111.094,111.64,110.934,111.479,112.1624,113.1294,111.75539333333332
2017/11/29 07:00:00,111.479,112.147,111.375,111.92699999999999,111.96504999999999,113.0315,111.76735999999997
2017/11/30 07:00:00,111.92699999999999,112.635,111.738,112.54050000000001,111.87010000000001,112.96124000000002,111.79142
2017/12/01 07:00:00,112.54050000000001,112.875,111.413,112.27250000000001,111.81925000000001,112.90212000000001,111.83279333333331
2017/12/04 07:00:00,112.80799999999999,113.088,112.365,112.412,111.83385000000001,112.84584000000001,111.87361999999996
2017/12/05 07:00:00,112.412,112.866,112.379,112.60499999999999,111.81290000000001,112.81562,111.91982666666668
2017/12/06 07:00:00,112.60499999999999,112.627,111.997,112.29050000000001,111.82860000000001,112.77358,111.96006000000001
2017/12/07 07:00:00,112.29050000000001,113.158,112.221,113.08850000000001,111.936,112.70014,112.00456000000001
2017/12/08 07:00:00,113.08850000000001,113.589,113.082,113.47550000000001,112.12315000000004,112.66054,112.0516
2017/12/11 07:00:00,113.547,113.69,113.244,113.564,112.31845000000001,112.6367,112.1064666666667
2017/12/12 07:00:00,113.564,113.75,113.37,113.54650000000001,112.56545000000003,112.63107999999998,112.17008666666669
2017/12/13 07:00:00,113.54650000000001,113.574,112.464,112.5375,112.77220000000003,112.61276,112.22221333333334
2017/12/14 07:00:00,112.5375,112.881,112.067,112.3905,112.83324999999999,112.55931999999999,112.25288000000003
2017/12/15 07:00:00,112.3905,112.743,112.032,112.6045,112.81825,112.51631999999998,112.28546
2017/12/18 07:00:00,112.742,112.828,112.314,112.5445,112.85145,112.47927999999997,112.31678
2017/12/19 07:00:00,112.5445,113.077,112.512,112.8885,112.86470000000001,112.43607999999999,112.35481333333334
2017/12/20 07:00:00,112.8885,113.468,112.846,113.402,112.89304999999999,112.41351999999999,112.41008666666669
2017/12/21 07:00:00,113.402,113.637,113.204,113.32749999999999,113.00420000000001,112.43454000000001,112.46549333333334
2017/12/22 07:00:00,113.32749999999999,113.445,113.255,113.29050000000001,113.0281,112.44568000000001,112.53133333333334
2017/12/25 08:00:00,113.2755,113.347,113.275,113.289,113.0096,112.49224,112.60408000000001
2017/12/26 07:00:00,113.229,113.35,113.121,113.2305,112.98210000000002,112.51894000000001,112.65628666666672
2017/12/27 07:00:00,113.2305,113.377,113.149,113.3545,112.9505,112.55024000000002,112.69722000000004
2017/12/28 07:00:00,113.3545,113.352,112.667,112.871,113.03220000000002,112.63576,112.73527333333337
2017/12/29 07:00:00,112.871,112.969,112.475,112.70750000000001,113.08025000000002,112.70192000000002,112.77038
